{
  "5": {
    "Electricity":22329,
    "Electricity Cost":2679.48,
    "Steam":119242.5,
    "Steam Value":3577.275,
    "Natural Gas":0,
    "Natural Gas Cost":0,
    "Water":285,
    "Water Cost":1048.8,
    "Total Cost":7305.555,
    "Total GHG Emission":27349.8
  },
  "6": {
    "Electricity":18763,
    "Electricity Cost":2251.56,
    "Steam":76315.20000000001,
    "Steam Value":2289.456,
    "Natural Gas":0,
    "Natural Gas Cost":0,
    "Water":283,
    "Water Cost":1041.44,
    "Total Cost":5582.456,
    "Total GHG Emission":17727.494000000002
  },
  "14": {
    "Electricity":54194,
    "Electricity Cost":6503.28,
    "Steam":175842.94,
    "Steam Value":5275.2882,
    "Natural Gas":0,
    "Natural Gas Cost":0,
    "Water":664,
    "Water Cost":2443.52,
    "Total Cost":14222.088199999998,
    "Total GHG Emission":41395.146799999995
  },
  "18": {
    "Electricity":114329,
    "Electricity Cost":13719.48,
    "Steam":381576,
    "Steam Value":11447.279999999999,
    "Natural Gas":0,
    "Natural Gas Cost":0,
    "Water":1715,
    "Water Cost":6311.200000000001,
    "Total Cost":31477.96,
    "Total GHG Emission":89663.17
  },
  "26": {
    "Electricity":76122,
    "Electricity Cost":9134.64,
    "Steam":205415.08000000002,
    "Steam Value":6162.4524,
    "Natural Gas":0,
    "Natural Gas Cost":0,
    "Water":1427,
    "Water Cost":5251.360000000001,
    "Total Cost":20548.452400000002,
    "Total GHG Emission":48997.4176
  },
  "30": {
    "Electricity":100253,
    "Electricity Cost":12030.359999999999,
    "Steam":0,
    "Steam Value":0,
    "Natural Gas":267813,
    "Natural Gas Cost":7230.951,
    "Water":2359,
    "Water Cost":8681.12,
    "Total Cost":27942.431,
    "Total GHG Emission":58575.25000000001
  },
  "34": {
    "Electricity":87410,
    "Electricity Cost":10489.199999999999,
    "Steam":207640.94,
    "Steam Value":6229.2282,
    "Natural Gas":3360,
    "Natural Gas Cost":90.72,
    "Water":1247,
    "Water Cost":4588.96,
    "Total Cost":21398.108200000002,
    "Total GHG Emission":50723.5068
  },
  "41": {
    "Electricity":56276,
    "Electricity Cost":6753.12,
    "Steam":88080.46,
    "Steam Value":2642.4138000000003,
    "Natural Gas":1848,
    "Natural Gas Cost":49.896,
    "Water":536,
    "Water Cost":1972.48,
    "Total Cost":11417.909800000001,
    "Total GHG Emission":22561.101200000005
  },
  "44": {
    "Electricity":80470,
    "Electricity Cost":9656.4,
    "Steam":319569.9,
    "Steam Value":9587.097,
    "Natural Gas":5838,
    "Natural Gas Cost":157.626,
    "Water":1466,
    "Water Cost":5394.88,
    "Total Cost":24796.003,
    "Total GHG Emission":75496.47800000002
  },
  "8": {
    "Electricity":14821,
    "Electricity Cost":1778.52,
    "Steam":0,
    "Steam Value":0,
    "Natural Gas":65404.5,
    "Natural Gas Cost":1765.9215,
    "Water":125,
    "Water Cost":460,
    "Total Cost":4004.4415,
    "Total GHG Emission":13821.95
  },
  "9": {
    "Electricity":105770,
    "Electricity Cost":12692.4,
    "Steam":428319.06,
    "Steam Value":12849.5718,
    "Natural Gas":13912.5,
    "Natural Gas Cost":375.6375,
    "Water":2068,
    "Water Cost":7610.240000000001,
    "Total Cost":33527.849299999994,
    "Total GHG Emission":102301.1932
  },
  "35": {
    "Electricity":25370,
    "Electricity Cost":3044.4,
    "Steam":0,
    "Steam Value":0,
    "Natural Gas":50872.5,
    "Natural Gas Cost":1373.5575,
    "Water":42,
    "Water Cost":154.56,
    "Total Cost":4572.5175,
    "Total GHG Emission":11443
  },
  "36": {
    "Electricity":69082,
    "Electricity Cost":8289.84,
    "Steam":54692.560000000005,
    "Steam Value":1640.7768,
    "Natural Gas":26302.5,
    "Natural Gas Cost":710.1675,
    "Water":112,
    "Water Cost":412.16,
    "Total Cost":11052.9443,
    "Total GHG Emission":20746.963200000002
  },
  "39": {
    "Electricity":239298,
    "Electricity Cost":28715.76,
    "Steam":0,
    "Steam Value":0,
    "Natural Gas":196203,
    "Natural Gas Cost":5297.481,
    "Water":1123,
    "Water Cost":4132.64,
    "Total Cost":38145.881,
    "Total GHG Emission":51205.5
  },
  "40": {
    "Electricity":29661,
    "Electricity Cost":3559.3199999999997,
    "Steam":0,
    "Steam Value":0,
    "Natural Gas":332829,
    "Natural Gas Cost":8986.383,
    "Water":0,
    "Water Cost":0,
    "Total Cost":12545.703,
    "Total GHG Emission":68048.85
  },
  "19": {
    "Electricity":159417,
    "Electricity Cost":19130.04,
    "Steam":794950,
    "Steam Value":23848.5,
    "Natural Gas":54684,
    "Natural Gas Cost":1476.468,
    "Water":2405,
    "Water Cost":8850.4,
    "Total Cost":53305.408,
    "Total GHG Emission":193796.65
  },
  "20": {
    "Electricity":25557,
    "Electricity Cost":3066.8399999999997,
    "Steam":0,
    "Steam Value":0,
    "Natural Gas":0,
    "Natural Gas Cost":0,
    "Water":0,
    "Water Cost":0,
    "Total Cost":3066.8399999999997,
    "Total GHG Emission":1277.8500000000001
  },
  "28": {
    "Electricity":5557,
    "Electricity Cost":666.84,
    "Steam":0,
    "Steam Value":0,
    "Natural Gas":24339,
    "Natural Gas Cost":657.153,
    "Water":40,
    "Water Cost":147.20000000000002,
    "Total Cost":1471.1930000000002,
    "Total GHG Emission":5145.650000000001
  },
  "29": {
    "Electricity":94071,
    "Electricity Cost":11288.52,
    "Steam":100799.66,
    "Steam Value":3023.9898,
    "Natural Gas":0,
    "Natural Gas Cost":0,
    "Water":267,
    "Water Cost":982.5600000000001,
    "Total Cost":15295.0698,
    "Total GHG Emission":26879.4752
  },
  "33": {
    "Electricity":188397,
    "Electricity Cost":22607.64,
    "Steam":231807.42,
    "Steam Value":6954.2226,
    "Natural Gas":0,
    "Natural Gas Cost":0,
    "Water":221,
    "Water Cost":813.2800000000001,
    "Total Cost":30375.1426,
    "Total GHG Emission":60417.4824
  },
  "37": {
    "Electricity":51769.5,
    "Electricity Cost":6212.34,
    "Steam":60893.170000000006,
    "Steam Value":1826.7951,
    "Natural Gas":0,
    "Natural Gas Cost":0,
    "Water":11.5,
    "Water Cost":42.32,
    "Total Cost":8081.4551,
    "Total GHG Emission":15984.972400000002
  },
  "1": {
    "Electricity":102962,
    "Electricity Cost":12355.439999999999,
    "Steam":323385.66000000003,
    "Steam Value":9701.569800000001,
    "Natural Gas":32644.5,
    "Natural Gas Cost":881.4014999999999,
    "Water":1092,
    "Water Cost":4018.5600000000004,
    "Total Cost":26956.9713,
    "Total GHG Emission":82821.84520000001
  },
  "2": {
    "Electricity":523487,
    "Electricity Cost":62818.439999999995,
    "Steam":1874810.08,
    "Steam Value":56244.3024,
    "Natural Gas":0,
    "Natural Gas Cost":0,
    "Water":1387,
    "Water Cost":5104.16,
    "Total Cost":124166.90239999999,
    "Total GHG Emission":438632.5676
  },
  "3": {
    "Electricity":60283,
    "Electricity Cost":7233.96,
    "Steam":194921.74000000002,
    "Steam Value":5847.6522,
    "Natural Gas":0,
    "Natural Gas Cost":0,
    "Water":141,
    "Water Cost":518.88,
    "Total Cost":13600.4922,
    "Total GHG Emission":45896.93280000001
  },
  "4": {
    "Electricity":89116,
    "Electricity Cost":10693.92,
    "Steam":198419.52000000002,
    "Steam Value":5952.5856,
    "Natural Gas":0,
    "Natural Gas Cost":0,
    "Water":163,
    "Water Cost":599.84,
    "Total Cost":17246.3456,
    "Total GHG Emission":48108.09440000001
  },
  "10": {
    "Electricity":352210,
    "Electricity Cost":42265.2,
    "Steam":536750.24,
    "Steam Value":16102.5072,
    "Natural Gas":10.5,
    "Natural Gas Cost":0.2835,
    "Water":756,
    "Water Cost":2782.08,
    "Total Cost":61150.0707,
    "Total GHG Emission":135697.6528
  },
  "12": {
    "Electricity":233742,
    "Electricity Cost":28049.039999999997,
    "Steam":300173.12,
    "Steam Value":9005.193599999999,
    "Natural Gas":157.5,
    "Natural Gas Cost":4.2525,
    "Water":842,
    "Water Cost":3098.56,
    "Total Cost":40157.0461,
    "Total GHG Emission":77756.6864
  },
  "13": {
    "Electricity":255807,