{
  "5": {
    "Electricity":13021,
    "Electricity Cost":1562.52,
    "Steam":0,
    "Steam Value":0,
    "Natural Gas":0,
    "Natural Gas Cost":0,
    "Water":10,
    "Water Cost":36.800000000000004,
    "Total Cost":1599.32,
    "Total GHG Emission":651.0500000000001
  },
  "6": {
    "Electricity":8312,
    "Electricity Cost":997.4399999999999,
    "Steam":0,
    "Steam Value":0,
    "Natural Gas":0,
    "Natural Gas Cost":0,
    "Water":17,
    "Water Cost":62.56,
    "Total Cost":1060,
    "Total GHG Emission":415.6
  },
  "14": {
    "Electricity":33367,
    "Electricity Cost":4004.04,
    "Steam":0,
    "Steam Value":0,
    "Natural Gas":0,
    "Natural Gas Cost":0,
    "Water":882,
    "Water Cost":3245.76,
    "Total Cost":7249.8,
    "Total GHG Emission":1668.3500000000001
  },
  "18": {
    "Electricity":217898,
    "Electricity Cost":26147.76,
    "Steam":57554.380000000005,
    "Steam Value":1726.6314,
    "Natural Gas":0,
    "Natural Gas Cost":0,
    "Water":2340,
    "Water Cost":8611.2,
    "Total Cost":36485.5914,
    "Total GHG Emission":23556.863600000004
  },
  "26": {
    "Electricity":43894,
    "Electricity Cost":5267.28,
    "Steam":3497.78,
    "Steam Value":104.9334,
    "Natural Gas":0,
    "Natural Gas Cost":0,
    "Water":1027,
    "Water Cost":3779.36,
    "Total Cost":9151.5734,
    "Total GHG Emission":2964.2116000000005
  },
  "30": {
    "Electricity":112402,
    "Electricity Cost":13488.24,
    "Steam":0,
    "Steam Value":0,
    "Natural Gas":7371,
    "Natural Gas Cost":199.017,
    "Water":1308,
    "Water Cost":4813.4400000000005,
    "Total Cost":18500.697,
    "Total GHG Emission":7094.3
  },
  "34": {
    "Electricity":100333,
    "Electricity Cost":12039.96,
    "Steam":1589.9,
    "Steam Value":47.697,
    "Natural Gas":115.5,
    "Natural Gas Cost":3.1185,
    "Water":344,
    "Water Cost":1265.92,
    "Total Cost":13356.6955,
    "Total GHG Emission":5389.528000000001
  },
  "41": {
    "Electricity":59995,
    "Electricity Cost":7199.4,
    "Steam":317.98,
    "Steam Value":9.5394,
    "Natural Gas":399,
    "Natural Gas Cost":10.773,
    "Water":193,
    "Water Cost":710.24,
    "Total Cost":7929.952399999999,
    "Total GHG Emission":3149.5056000000004
  },
  "44": {
    "Electricity":95056,
    "Electricity Cost":11406.72,
    "Steam":764423.92,
    "Steam Value":22932.7176,
    "Natural Gas":21,
    "Natural Gas Cost":0.567,
    "Water":220,
    "Water Cost":809.6,
    "Total Cost":35149.6046,
    "Total GHG Emission":172930.2624
  },
  "8": {
    "Electricity":16949,
    "Electricity Cost":2033.8799999999999,
    "Steam":0,
    "Steam Value":0,
    "Natural Gas":24906,
    "Natural Gas Cost":672.462,
    "Water":418,
    "Water Cost":1538.24,
    "Total Cost":4244.582,
    "Total GHG Emission":5828.650000000001
  },
  "9": {
    "Electricity":125821,
    "Electricity Cost":15098.519999999999,
    "Steam":67093.78,
    "Steam Value":2012.8134,
    "Natural Gas":6510,
    "Natural Gas Cost":175.77,
    "Water":2260,
    "Water Cost":8316.800000000001,
    "Total Cost":25603.9034,
    "Total GHG Emission":22353.6816
  },
  "35": {
    "Electricity":16193,
    "Electricity Cost":1943.1599999999999,
    "Steam":0,
    "Steam Value":0,
    "Natural Gas":0,
    "Natural Gas Cost":0,
    "Water":75,
    "Water Cost":276,
    "Total Cost":2219.16,
    "Total GHG Emission":809.6500000000001
  },
  "36": {
    "Electricity":118326,
    "Electricity Cost":14199.119999999999,
    "Steam":0,
    "Steam Value":0,
    "Natural Gas":430.5,
    "Natural Gas Cost":11.6235,
    "Water":193,
    "Water Cost":710.24,
    "Total Cost":14920.983499999998,
    "Total GHG Emission":6002.400000000001
  },
  "39": {
    "Electricity":251424,
    "Electricity Cost":30170.879999999997,
    "Steam":0,
    "Steam Value":0,
    "Natural Gas":74707.5,
    "Natural Gas Cost":2017.1025,
    "Water":1080,
    "Water Cost":3974.4,
    "Total Cost":36162.3825,
    "Total GHG Emission":27512.7
  },
  "40": {
    "Electricity":22667,
    "Electricity Cost":2720.04,
    "Steam":0,
    "Steam Value":0,
    "Natural Gas":0,
    "Natural Gas Cost":0,
    "Water":0,
    "Water Cost":0,
    "Total Cost":2720.04,
    "Total GHG Emission":1133.3500000000001
  },
  "19": {
    "Electricity":173797,
    "Electricity Cost":20855.64,
    "Steam":171709.2,
    "Steam Value":5151.276,
    "Natural Gas":37779,
    "Natural Gas Cost":1020.033,
    "Water":1583,
    "Water Cost":5825.4400000000005,
    "Total Cost":32852.389,
    "Total GHG Emission":54021.674000000006
  },
  "20": {
    "Electricity":8889,
    "Electricity Cost":1066.68,
    "Steam":0,
    "Steam Value":0,
    "Natural Gas":0,
    "Natural Gas Cost":0,
    "Water":0,
    "Water Cost":0,
    "Total Cost":1066.68,
    "Total GHG Emission":444.45000000000005
  },
  "28": {
    "Electricity":6675,
    "Electricity Cost":801,
    "Steam":0,
    "Steam Value":0,
    "Natural Gas":2929.5,
    "Natural Gas Cost":79.0965,
    "Water":63,
    "Water Cost":231.84,
    "Total Cost":1111.9365,
    "Total GHG Emission":919.65
  },
  "29": {
    "Electricity":106559,
    "Electricity Cost":12787.08,
    "Steam":0,
    "Steam Value":0,
    "Natural Gas":0,
    "Natural Gas Cost":0,
    "Water":530,
    "Water Cost":1950.4,
    "Total Cost":14737.48,
    "Total GHG Emission":5327.950000000001
  },
  "33": {
    "Electricity":257042,
    "Electricity Cost":30845.039999999997,
    "Steam":3497.78,
    "Steam Value":104.9334,
    "Natural Gas":0,
    "Natural Gas Cost":0,
    "Water":93,
    "Water Cost":342.24,
    "Total Cost":31292.2134,
    "Total GHG Emission":13621.6116
  },
  "37": {
    "Electricity":69973.5,
    "Electricity Cost":8396.82,
    "Steam":0,
    "Steam Value":0,
    "Natural Gas":0,
    "Natural Gas Cost":0,
    "Water":99.5,
    "Water Cost":366.16,
    "Total Cost":8762.98,
    "Total GHG Emission":3498.675
  },
  "1": {
    "Electricity":323528,
    "Electricity Cost":38823.36,
    "Steam":0,
    "Steam Value":0,
    "Natural Gas":94.5,
    "Natural Gas Cost":2.5515,
    "Water":2308,
    "Water Cost":8493.44,
    "Total Cost":47319.351500000004,
    "Total GHG Emission":16195.300000000001
  },
  "2": {
    "Electricity":562871,
    "Electricity Cost":67544.52,
    "Steam":91896.22,
    "Steam Value":2756.8866,
    "Natural Gas":0,
    "Natural Gas Cost":0,
    "Water":1305,
    "Water Cost":4802.400000000001,
    "Total Cost":75103.8066,
    "Total GHG Emission":48360.7184
  },
  "3": {
    "Electricity":47040,
    "Electricity Cost":5644.8,
    "Steam":6995.56,
    "Steam Value":209.8668,
    "Natural Gas":0,
    "Natural Gas Cost":0,
    "Water":81,
    "Water Cost":298.08000000000004,
    "Total Cost":6152.7468,
    "Total GHG Emission":3891.0232
  },
  "4": {
    "Electricity":89806,
    "Electricity Cost":10776.72,
    "Steam":1271.92,
    "Steam Value":38.1576,
    "Natural Gas":0,
    "Natural Gas Cost":0,
    "Water":96,
    "Water Cost":353.28000000000003,
    "Total Cost":11168.1576,
    "Total GHG Emission":4770.1224
  },
  "10": {
    "Electricity":250330,
    "Electricity Cost":30039.6,
    "Steam":1271.92,
    "Steam Value":38.1576,
    "Natural Gas":10.5,
    "Natural Gas Cost":0.2835,
    "Water":1760,
    "Water Cost":6476.8,
    "Total Cost":36554.8411,
    "Total GHG Emission":12798.4224
  },
  "12": {
    "Electricity":263472,
    "Electricity Cost":31616.64,
    "Steam":317.98,
    "Steam Value":9.5394,
    "Natural Gas":378,
    "Natural Gas Cost":10.206,
    "Water":1677,
    "Water Cost":6171.360000000001,
    "Total Cost":37807.7454,
    "Total GHG Emission":13319.1556
  },
  "13": {
    "Electricity":252174,
    "Electricity Cost":30260.879999999997,
    "Steam":635.96,
    "Steam Value":19.0788,
    "Natural Gas":0,
    "Natural Gas Cost":0,
    "Water":431,
    "Water Cost":1586.0800000000002,
    "Total Cost":31866.0388,
    "Total GHG Emission":12748.611200000001
  },
  "15": {
    "Electricity":185104,
    "Electricity Cost":22212.48,