{
  "5": {
    "Electricity":21278,
    "Electricity Cost":2553.36,
    "Steam":126556.04000000001,
    "Steam Value":3796.6812,
    "Natural Gas":0,
    "Natural Gas Cost":0,
    "Water":685,
    "Water Cost":2520.8,
    "Total Cost":8870.841199999999,
    "Total GHG Emission":28906.228800000004
  },
  "6": {
    "Electricity":19810,
    "Electricity Cost":2377.2,
    "Steam":95394,
    "Steam Value":2861.8199999999997,
    "Natural Gas":0,
    "Natural Gas Cost":0,
    "Water":384,
    "Water Cost":1413.1200000000001,
    "Total Cost":6652.139999999999,
    "Total GHG Emission":21977.18
  },
  "14": {
    "Electricity":53088,
    "Electricity Cost":6370.5599999999995,
    "Steam":193013.86000000002,
    "Steam Value":5790.415800000001,
    "Natural Gas":0,
    "Natural Gas Cost":0,
    "Water":2026,
    "Water Cost":7455.68,
    "Total Cost":19616.6558,
    "Total GHG Emission":45117.4492
  },
  "18": {
    "Electricity":107025,
    "Electricity Cost":12843,
    "Steam":218452.26,
    "Steam Value":6553.5678,
    "Natural Gas":0,
    "Natural Gas Cost":0,
    "Water":3314,
    "Water Cost":12195.52,
    "Total Cost":31592.0878,
    "Total GHG Emission":53410.747200000005
  },
  "26": {
    "Electricity":75245,
    "Electricity Cost":9029.4,
    "Steam":222586,
    "Steam Value":6677.58,
    "Natural Gas":0,
    "Natural Gas Cost":0,
    "Water":974,
    "Water Cost":3584.32,
    "Total Cost":19291.3,
    "Total GHG Emission":52731.17
  },
  "30": {
    "Electricity":93092,
    "Electricity Cost":11171.039999999999,
    "Steam":0,
    "Steam Value":0,
    "Natural Gas":250929,
    "Natural Gas Cost":6775.083,
    "Water":2458,
    "Water Cost":9045.44,
    "Total Cost":26991.563,
    "Total GHG Emission":54840.4
  },
  "34": {
    "Electricity":90327,
    "Electricity Cost":10839.24,
    "Steam":240710.86000000002,
    "Steam Value":7221.3258000000005,
    "Natural Gas":3717,
    "Natural Gas Cost":100.359,
    "Water":1722,
    "Water Cost":6336.96,
    "Total Cost":24497.884800000003,
    "Total GHG Emission":58216.139200000005
  },
  "41": {
    "Electricity":50335,
    "Electricity Cost":6040.2,
    "Steam":188244.16,
    "Steam Value":5647.3248,
    "Natural Gas":1932,
    "Natural Gas Cost":52.164,
    "Water":657,
    "Water Cost":2417.76,
    "Total Cost":14157.4488,
    "Total GHG Emission":44316.8652
  },
  "44": {
    "Electricity":78292,
    "Electricity Cost":9395.039999999999,
    "Steam":294767.46,
    "Steam Value":8843.0238,
    "Natural Gas":6436.5,
    "Natural Gas Cost":173.78549999999998,
    "Water":1740,
    "Water Cost":6403.200000000001,
    "Total Cost":24815.049300000002,
    "Total GHG Emission":70050.7412
  },
  "8": {
    "Electricity":15744,
    "Electricity Cost":1889.28,
    "Steam":0,
    "Steam Value":0,
    "Natural Gas":81490.5,
    "Natural Gas Cost":2200.2435,
    "Water":157,
    "Water Cost":577.76,
    "Total Cost":4667.2835,
    "Total GHG Emission":17085.3
  },
  "9": {
    "Electricity":119635,
    "Electricity Cost":14356.199999999999,
    "Steam":422277.44,
    "Steam Value":12668.323199999999,
    "Natural Gas":12768,
    "Natural Gas Cost":344.736,
    "Water":2004,
    "Water Cost":7374.72,
    "Total Cost":34743.979199999994,
    "Total GHG Emission":101436.38680000001
  },
  "35": {
    "Electricity":21073,
    "Electricity Cost":2528.7599999999998,
    "Steam":0,
    "Steam Value":0,
    "Natural Gas":73395,
    "Natural Gas Cost":1981.665,
    "Water":38,
    "Water Cost":139.84,
    "Total Cost":4650.264999999999,
    "Total GHG Emission":15732.65
  },
  "36": {
    "Electricity":99285,
    "Electricity Cost":11914.199999999999,
    "Steam":166621.52000000002,
    "Steam Value":4998.645600000001,
    "Natural Gas":47229,
    "Natural Gas Cost":1275.183,
    "Water":185,
    "Water Cost":680.8000000000001,
    "Total Cost":18868.8286,
    "Total GHG Emission":51066.784400000004
  },
  "39": {
    "Electricity":243698,
    "Electricity Cost":29243.76,
    "Steam":0,
    "Steam Value":0,
    "Natural Gas":244471.5,
    "Natural Gas Cost":6600.7305,
    "Water":1190,
    "Water Cost":4379.2,
    "Total Cost":40223.6905,
    "Total GHG Emission":61079.200000000004
  },
  "40": {
    "Electricity":28099,
    "Electricity Cost":3371.8799999999997,
    "Steam":0,
    "Steam Value":0,
    "Natural Gas":280969.5,
    "Natural Gas Cost":7586.1765,
    "Water":0,
    "Water Cost":0,
    "Total Cost":10958.056499999999,
    "Total GHG Emission":57598.85
  },
  "19": {
    "Electricity":148664,
    "Electricity Cost":17839.68,
    "Steam":337058.80000000005,
    "Steam Value":10111.764000000001,
    "Natural Gas":72817.5,
    "Natural Gas Cost":1966.0725,
    "Water":1430,
    "Water Cost":5262.400000000001,
    "Total Cost":35179.91650000001,
    "Total GHG Emission":96149.63600000001
  },
  "20": {
    "Electricity":20049,
    "Electricity Cost":2405.88,
    "Steam":0,
    "Steam Value":0,
    "Natural Gas":0,
    "Natural Gas Cost":0,
    "Water":0,
    "Water Cost":0,
    "Total Cost":2405.88,
    "Total GHG Emission":1002.45
  },
  "28": {
    "Electricity":5321,
    "Electricity Cost":638.52,
    "Steam":0,
    "Steam Value":0,
    "Natural Gas":24192,
    "Natural Gas Cost":653.184,
    "Water":58,
    "Water Cost":213.44,
    "Total Cost":1505.144,
    "Total GHG Emission":5104.450000000001
  },
  "29": {
    "Electricity":94091,
    "Electricity Cost":11290.92,
    "Steam":120832.40000000001,
    "Steam Value":3624.972,
    "Natural Gas":0,
    "Natural Gas Cost":0,
    "Water":413,
    "Water Cost":1519.8400000000001,
    "Total Cost":16435.732,
    "Total GHG Emission":31287.678
  },
  "33": {
    "Electricity":173467,
    "Electricity Cost":20816.04,
    "Steam":210502.76,
    "Steam Value":6315.0828,
    "Natural Gas":0,
    "Natural Gas Cost":0,
    "Water":110,
    "Water Cost":404.8,
    "Total Cost":27535.9228,
    "Total GHG Emission":54983.957200000004
  },
  "37": {
    "Electricity":51129,
    "Electricity Cost":6135.48,
    "Steam":51671.75,
    "Steam Value":1550.1525,
    "Natural Gas":0,
    "Natural Gas Cost":0,
    "Water":43.5,
    "Water Cost":160.08,
    "Total Cost":7845.7125,
    "Total GHG Emission":13924.235
  },
  "1": {
    "Electricity":178225,
    "Electricity Cost":21387,
    "Steam":151358.48,
    "Steam Value":4540.7544,
    "Natural Gas":40593,
    "Natural Gas Cost":1096.011,
    "Water":2068,
    "Water Cost":7610.240000000001,
    "Total Cost":34634.0054,
    "Total GHG Emission":50328.7156
  },
  "2": {
    "Electricity":195718,
    "Electricity Cost":23486.16,
    "Steam":436268.56,
    "Steam Value":13088.0568,
    "Natural Gas":0,
    "Natural Gas Cost":0,
    "Water":1663,
    "Water Cost":6119.84,
    "Total Cost":42694.0568,
    "Total GHG Emission":105764.98319999999
  },
  "3": {
    "Electricity":57981,
    "Electricity Cost":6957.719999999999,
    "Steam":53102.66,
    "Steam Value":1593.0798,
    "Natural Gas":0,
    "Natural Gas Cost":0,
    "Water":196,
    "Water Cost":721.2800000000001,
    "Total Cost":9272.0798,
    "Total GHG Emission":14581.6352
  },
  "4": {
    "Electricity":91317,
    "Electricity Cost":10958.039999999999,
    "Steam":355501.64,
    "Steam Value":10665.0492,
    "Natural Gas":0,
    "Natural Gas Cost":0,
    "Water":282,
    "Water Cost":1037.76,
    "Total Cost":22660.849199999997,
    "Total GHG Emission":82776.21080000002
  },
  "10": {
    "Electricity":313009,
    "Electricity Cost":37561.08,
    "Steam":534206.4,
    "Steam Value":16026.192000000001,
    "Natural Gas":31.5,
    "Natural Gas Cost":0.8505,
    "Water":1240,
    "Water Cost":4563.2,
    "Total Cost":58151.3225,
    "Total GHG Emission":133182.158
  },
  "12": {
    "Electricity":228849,
    "Electricity Cost":27461.879999999997,
    "Steam":1173028.22,
    "Steam Value":35190.8466,
    "Natural Gas":2289,
    "Natural Gas Cost":61.803,
    "Water":1109,
    "Water Cost":4081.1200000000003,
    "Total Cost":66795.64959999999,