{
  "5": {
    "Electricity":21045,
    "Electricity Cost":2525.4,
    "Steam":47061.04,
    "Steam Value":1411.8312,
    "Natural Gas":0,
    "Natural Gas Cost":0,
    "Water":176,
    "Water Cost":647.6800000000001,
    "Total Cost":4584.9112000000005,
    "Total GHG Emission":11405.6788
  },
  "6": {
    "Electricity":17680,
    "Electricity Cost":2121.6,
    "Steam":6359.6,
    "Steam Value":190.788,
    "Natural Gas":0,
    "Natural Gas Cost":0,
    "Water":336,
    "Water Cost":1236.48,
    "Total Cost":3548.868,
    "Total GHG Emission":2283.112
  },
  "14": {
    "Electricity":53106,
    "Electricity Cost":6372.719999999999,
    "Steam":9539.400000000001,
    "Steam Value":286.182,
    "Natural Gas":0,
    "Natural Gas Cost":0,
    "Water":982,
    "Water Cost":3613.76,
    "Total Cost":10272.662,
    "Total GHG Emission":4753.968000000001
  },
  "18": {
    "Electricity":122196,
    "Electricity Cost":14663.519999999999,
    "Steam":262333.5,
    "Steam Value":7870.005,
    "Natural Gas":0,
    "Natural Gas Cost":0,
    "Water":2104,
    "Water Cost":7742.72,
    "Total Cost":30276.245,
    "Total GHG Emission":63823.170000000006
  },
  "26": {
    "Electricity":72309,
    "Electricity Cost":8677.08,
    "Steam":18124.86,
    "Steam Value":543.7458,
    "Natural Gas":0,
    "Natural Gas Cost":0,
    "Water":1057,
    "Water Cost":3889.76,
    "Total Cost":13110.5858,
    "Total GHG Emission":7602.9192
  },
  "30": {
    "Electricity":107970,
    "Electricity Cost":12956.4,
    "Steam":0,
    "Steam Value":0,
    "Natural Gas":34030.5,
    "Natural Gas Cost":918.8235,
    "Water":2729,
    "Water Cost":10042.720000000001,
    "Total Cost":23917.9435,
    "Total GHG Emission":12204.6
  },
  "34": {
    "Electricity":86433,
    "Electricity Cost":10371.96,
    "Steam":78859.04000000001,
    "Steam Value":2365.7712,
    "Natural Gas":4252.5,
    "Natural Gas Cost":114.8175,
    "Water":1445,
    "Water Cost":5317.6,
    "Total Cost":18170.1487,
    "Total GHG Emission":22521.138800000004
  },
  "41": {
    "Electricity":54635,
    "Electricity Cost":6556.2,
    "Steam":5723.64,
    "Steam Value":171.7092,
    "Natural Gas":2068.5,
    "Natural Gas Cost":55.8495,
    "Water":923,
    "Water Cost":3396.6400000000003,
    "Total Cost":10180.3987,
    "Total GHG Emission":4404.650799999999
  },
  "44": {
    "Electricity":95682,
    "Electricity Cost":11481.84,
    "Steam":55964.48,
    "Steam Value":1678.9344,
    "Natural Gas":6646.5,
    "Natural Gas Cost":179.4555,
    "Water":1814,
    "Water Cost":6675.52,
    "Total Cost":20015.7499,
    "Total GHG Emission":18425.585600000002
  },
  "8": {
    "Electricity":16218,
    "Electricity Cost":1946.1599999999999,
    "Steam":0,
    "Steam Value":0,
    "Natural Gas":32245.5,
    "Natural Gas Cost":870.6285,
    "Water":218,
    "Water Cost":802.24,
    "Total Cost":3619.0284999999994,
    "Total GHG Emission":7260
  },
  "9": {
    "Electricity":115991,
    "Electricity Cost":13918.92,
    "Steam":183156.48,
    "Steam Value":5494.6944,
    "Natural Gas":9681,
    "Natural Gas Cost":261.387,
    "Water":2594,
    "Water Cost":9545.92,
    "Total Cost":29220.9214,
    "Total GHG Emission":48030.1756
  },
  "35": {
    "Electricity":19965,
    "Electricity Cost":2395.7999999999997,
    "Steam":0,
    "Steam Value":0,
    "Natural Gas":1050,
    "Natural Gas Cost":28.35,
    "Water":47,
    "Water Cost":172.96,
    "Total Cost":2597.1099999999997,
    "Total GHG Emission":1208.25
  },
  "36": {
    "Electricity":78740,
    "Electricity Cost":9448.8,
    "Steam":27028.300000000003,
    "Steam Value":810.849,
    "Natural Gas":724.5,
    "Natural Gas Cost":19.5615,
    "Water":229,
    "Water Cost":842.72,
    "Total Cost":11121.930499999999,
    "Total GHG Emission":10028.126
  },
  "39": {
    "Electricity":255036,
    "Electricity Cost":30604.32,
    "Steam":0,
    "Steam Value":0,
    "Natural Gas":96726,
    "Natural Gas Cost":2611.602,
    "Water":1350,
    "Water Cost":4968,
    "Total Cost":38183.922,
    "Total GHG Emission":32097
  },
  "40": {
    "Electricity":35924,
    "Electricity Cost":4310.88,
    "Steam":0,
    "Steam Value":0,
    "Natural Gas":77647.5,
    "Natural Gas Cost":2096.4825,
    "Water":0,
    "Water Cost":0,
    "Total Cost":6407.3625,
    "Total GHG Emission":17325.7
  },
  "19": {
    "Electricity":173157,
    "Electricity Cost":20778.84,
    "Steam":639139.8,
    "Steam Value":19174.194,
    "Natural Gas":65982,
    "Natural Gas Cost":1781.514,
    "Water":1869,
    "Water Cost":6877.92,
    "Total Cost":48612.468,
    "Total GHG Emission":162465.00600000002
  },
  "20": {
    "Electricity":13918,
    "Electricity Cost":1670.1599999999999,
    "Steam":0,
    "Steam Value":0,
    "Natural Gas":0,
    "Natural Gas Cost":0,
    "Water":0,
    "Water Cost":0,
    "Total Cost":1670.1599999999999,
    "Total GHG Emission":695.9000000000001
  },
  "28": {
    "Electricity":5224,
    "Electricity Cost":626.88,
    "Steam":0,
    "Steam Value":0,
    "Natural Gas":7224,
    "Natural Gas Cost":195.048,
    "Water":75,
    "Water Cost":276,
    "Total Cost":1097.9279999999999,
    "Total GHG Emission":1706.0000000000002
  },
  "29": {
    "Electricity":96378,
    "Electricity Cost":11565.359999999999,
    "Steam":10175.36,
    "Steam Value":305.2608,
    "Natural Gas":0,
    "Natural Gas Cost":0,
    "Water":1384,
    "Water Cost":5093.12,
    "Total Cost":16963.7408,
    "Total GHG Emission":7057.479200000001
  },
  "33": {
    "Electricity":190565,
    "Electricity Cost":22867.8,
    "Steam":33387.9,
    "Steam Value":1001.6370000000001,
    "Natural Gas":0,
    "Natural Gas Cost":0,
    "Water":114,
    "Water Cost":419.52000000000004,
    "Total Cost":24288.957,
    "Total GHG Emission":16873.588
  },
  "37": {
    "Electricity":53434.5,
    "Electricity Cost":6412.139999999999,
    "Steam":10970.310000000001,
    "Steam Value":329.1093,
    "Natural Gas":0,
    "Natural Gas Cost":0,
    "Water":46,
    "Water Cost":169.28,
    "Total Cost":6910.529299999999,
    "Total GHG Emission":5085.193200000001
  },
  "1": {
    "Electricity":228212,
    "Electricity Cost":27385.44,
    "Steam":62642.060000000005,
    "Steam Value":1879.2618,
    "Natural Gas":8095.5,
    "Natural Gas Cost":218.5785,
    "Water":1875,
    "Water Cost":6900,
    "Total Cost":36383.280300000006,
    "Total GHG Emission":26810.953200000004
  },
  "2": {
    "Electricity":541200,
    "Electricity Cost":64944,
    "Steam":286499.98000000004,
    "Steam Value":8594.9994,
    "Natural Gas":0,
    "Natural Gas Cost":0,
    "Water":1674,
    "Water Cost":6160.320000000001,
    "Total Cost":79699.31940000001,
    "Total GHG Emission":90089.99560000001
  },
  "3": {
    "Electricity":60761,
    "Electricity Cost":7291.32,
    "Steam":110975.02,
    "Steam Value":3329.2506,
    "Natural Gas":0,
    "Natural Gas Cost":0,
    "Water":224,
    "Water Cost":824.32,
    "Total Cost":11444.890599999999,
    "Total GHG Emission":27452.5544
  },
  "4": {
    "Electricity":104553,
    "Electricity Cost":12546.359999999999,
    "Steam":30526.08,
    "Steam Value":915.7824,
    "Natural Gas":0,
    "Natural Gas Cost":0,
    "Water":462,
    "Water Cost":1700.16,
    "Total Cost":15162.302399999999,
    "Total GHG Emission":11943.387600000002
  },
  "10": {
    "Electricity":302955,
    "Electricity Cost":36354.6,
    "Steam":103343.5,
    "Steam Value":3100.305,
    "Natural Gas":21,
    "Natural Gas Cost":0.567,
    "Water":1187,
    "Water Cost":4368.16,
    "Total Cost":43823.632,
    "Total GHG Emission":37887.520000000004
  },
  "12": {
    "Electricity":241228,
    "Electricity Cost":28947.36,
    "Steam":70591.56,
    "Steam Value":2117.7468,
    "Natural Gas":861,
    "Natural Gas Cost":23.247,
    "Water":1169,
    "Water Cost":4301.92,
    "Total Cost":35390.2738,
    "Total GHG Emission":27763.743200000004
  },
  "13": {
    "Electricity":262029,
    "Electricity Cost":31443.48,
    "Steam":67411.76000000001,