{
  "5": {
    "Electricity":22329,
    "Electricity Cost":2679.48,
    "Steam":77587.12000000001,
    "Steam Value":2327.6136,
    "Natural Gas":0,
    "Natural Gas Cost":0,
    "Water":134,
    "Water Cost":493.12,
    "Total Cost":5500.2136,
    "Total GHG Emission":18185.616400000003
  },
  "6": {
    "Electricity":20381,
    "Electricity Cost":2445.72,
    "Steam":48650.94,
    "Steam Value":1459.5282,
    "Natural Gas":0,
    "Natural Gas Cost":0,
    "Water":423,
    "Water Cost":1556.64,
    "Total Cost":5461.888199999999,
    "Total GHG Emission":11722.2568
  },
  "14": {
    "Electricity":57107,
    "Electricity Cost":6852.84,
    "Steam":127192,
    "Steam Value":3815.7599999999998,
    "Natural Gas":0,
    "Natural Gas Cost":0,
    "Water":957,
    "Water Cost":3521.76,
    "Total Cost":14190.36,
    "Total GHG Emission":30837.590000000004
  },
  "18": {
    "Electricity":118103,
    "Electricity Cost":14172.359999999999,
    "Steam":222586,
    "Steam Value":6677.58,
    "Natural Gas":0,
    "Natural Gas Cost":0,
    "Water":2328,
    "Water Cost":8567.04,
    "Total Cost":29416.980000000003,
    "Total GHG Emission":54874.07
  },
  "26": {
    "Electricity":80710,
    "Electricity Cost":9685.199999999999,
    "Steam":249932.28000000003,
    "Steam Value":7497.968400000001,
    "Natural Gas":0,
    "Natural Gas Cost":0,
    "Water":411,
    "Water Cost":1512.48,
    "Total Cost":18695.6484,
    "Total GHG Emission":59020.60160000001
  },
  "30": {
    "Electricity":105137,
    "Electricity Cost":12616.439999999999,
    "Steam":0,
    "Steam Value":0,
    "Natural Gas":191541,
    "Natural Gas Cost":5171.607,
    "Water":2889,
    "Water Cost":10631.52,
    "Total Cost":28419.567,
    "Total GHG Emission":43565.05
  },
  "34": {
    "Electricity":88646,
    "Electricity Cost":10637.52,
    "Steam":140229.18000000002,
    "Steam Value":4206.875400000001,
    "Natural Gas":4672.5,
    "Natural Gas Cost":126.1575,
    "Water":1778,
    "Water Cost":6543.04,
    "Total Cost":21513.592900000003,
    "Total GHG Emission":36217.219600000004
  },
  "41": {
    "Electricity":57470,
    "Electricity Cost":6896.4,
    "Steam":64867.920000000006,
    "Steam Value":1946.0376,
    "Natural Gas":1806,
    "Natural Gas Cost":48.762,
    "Water":780,
    "Water Cost":2870.4,
    "Total Cost":11761.5996,
    "Total GHG Emission":17505.6424
  },
  "44": {
    "Electricity":86006,
    "Electricity Cost":10320.72,
    "Steam":203189.22,
    "Steam Value":6095.6766,
    "Natural Gas":6111,
    "Natural Gas Cost":164.99699999999999,
    "Water":2067,
    "Water Cost":7606.56,
    "Total Cost":24187.953599999997,
    "Total GHG Emission":50224.1284
  },
  "8": {
    "Electricity":16091,
    "Electricity Cost":1930.9199999999998,
    "Steam":0,
    "Steam Value":0,
    "Natural Gas":54810,
    "Natural Gas Cost":1479.87,
    "Water":160,
    "Water Cost":588.8000000000001,
    "Total Cost":3999.5899999999997,
    "Total GHG Emission":11766.55
  },
  "9": {
    "Electricity":113051,
    "Electricity Cost":13566.119999999999,
    "Steam":265195.32,
    "Steam Value":7955.8596,
    "Natural Gas":13702.5,
    "Natural Gas Cost":369.9675,
    "Water":2607,
    "Water Cost":9593.76,
    "Total Cost":31485.707099999996,
    "Total GHG Emission":66736.0204
  },
  "35": {
    "Electricity":20937,
    "Electricity Cost":2512.44,
    "Steam":0,
    "Steam Value":0,
    "Natural Gas":29106,
    "Natural Gas Cost":785.862,
    "Water":38,
    "Water Cost":139.84,
    "Total Cost":3438.1420000000003,
    "Total GHG Emission":6868.050000000001
  },
  "36": {
    "Electricity":80324,
    "Electricity Cost":9638.88,
    "Steam":37839.62,
    "Steam Value":1135.1886,
    "Natural Gas":14322,
    "Natural Gas Cost":386.694,
    "Water":167,
    "Water Cost":614.5600000000001,
    "Total Cost":11775.322599999998,
    "Total GHG Emission":15205.316400000002
  },
  "39": {
    "Electricity":249667,
    "Electricity Cost":29960.039999999997,
    "Steam":0,
    "Steam Value":0,
    "Natural Gas":164430,
    "Natural Gas Cost":4439.61,
    "Water":1361,
    "Water Cost":5008.4800000000005,
    "Total Cost":39408.13,
    "Total GHG Emission":45369.35
  },
  "40": {
    "Electricity":24445,
    "Electricity Cost":2933.4,
    "Steam":0,
    "Steam Value":0,
    "Natural Gas":229099.5,
    "Natural Gas Cost":6185.6865,
    "Water":0,
    "Water Cost":0,
    "Total Cost":9119.0865,
    "Total GHG Emission":47042.15
  },
  "19": {
    "Electricity":167648,
    "Electricity Cost":20117.76,
    "Steam":699556,
    "Steam Value":20986.68,
    "Natural Gas":71232,
    "Natural Gas Cost":1923.264,
    "Water":2289,
    "Water Cost":8423.52,
    "Total Cost":51451.224,
    "Total GHG Emission":176531.12
  },
  "20": {
    "Electricity":17607,
    "Electricity Cost":2112.84,
    "Steam":0,
    "Steam Value":0,
    "Natural Gas":0,
    "Natural Gas Cost":0,
    "Water":0,
    "Water Cost":0,
    "Total Cost":2112.84,
    "Total GHG Emission":880.35
  },
  "28": {
    "Electricity":5104,
    "Electricity Cost":612.48,
    "Steam":0,
    "Steam Value":0,
    "Natural Gas":16369.5,
    "Natural Gas Cost":441.9765,
    "Water":35,
    "Water Cost":128.8,
    "Total Cost":1183.2565,
    "Total GHG Emission":3529.1
  },
  "29": {
    "Electricity":89168,
    "Electricity Cost":10700.16,
    "Steam":77269.14,
    "Steam Value":2318.0742,
    "Natural Gas":0,
    "Natural Gas Cost":0,
    "Water":764,
    "Water Cost":2811.52,
    "Total Cost":15829.7542,
    "Total GHG Emission":21457.610800000002
  },
  "33": {
    "Electricity":189209,
    "Electricity Cost":22705.079999999998,
    "Steam":126556.04000000001,
    "Steam Value":3796.6812,
    "Natural Gas":0,
    "Natural Gas Cost":0,
    "Water":122,
    "Water Cost":448.96000000000004,
    "Total Cost":26950.721199999996,
    "Total GHG Emission":37302.7788
  },
  "37": {
    "Electricity":59500,
    "Electricity Cost":7140,
    "Steam":51353.770000000004,
    "Steam Value":1540.6131,
    "Natural Gas":0,
    "Natural Gas Cost":0,
    "Water":22,
    "Water Cost":80.96000000000001,
    "Total Cost":8761.5731,
    "Total GHG Emission":14272.8294
  },
  "1": {
    "Electricity":193608,
    "Electricity Cost":23232.96,
    "Steam":222268.02000000002,
    "Steam Value":6668.0406,
    "Natural Gas":22480.5,
    "Natural Gas Cost":606.9735,
    "Water":2227,
    "Water Cost":8195.36,
    "Total Cost":38703.3341,
    "Total GHG Emission":63075.464400000004
  },
  "2": {
    "Electricity":558716,
    "Electricity Cost":67045.92,
    "Steam":790498.28,
    "Steam Value":23714.9484,
    "Natural Gas":0,
    "Natural Gas Cost":0,
    "Water":1331,
    "Water Cost":4898.08,
    "Total Cost":95658.9484,
    "Total GHG Emission":201845.4216
  },
  "3": {
    "Electricity":62925,
    "Electricity Cost":7551,
    "Steam":258835.72,
    "Steam Value":7765.071599999999,
    "Natural Gas":0,
    "Natural Gas Cost":0,
    "Water":239,
    "Water Cost":879.52,
    "Total Cost":16195.5916,
    "Total GHG Emission":60090.1084
  },
  "4": {
    "Electricity":93478,
    "Electricity Cost":11217.359999999999,
    "Steam":155174.24000000002,
    "Steam Value":4655.2272,
    "Natural Gas":0,
    "Natural Gas Cost":0,
    "Water":379,
    "Water Cost":1394.72,
    "Total Cost":17267.3072,
    "Total GHG Emission":38812.232800000005
  },
  "10": {
    "Electricity":352084,
    "Electricity Cost":42250.08,
    "Steam":433406.74000000005,
    "Steam Value":13002.202200000002,
    "Natural Gas":52.5,
    "Natural Gas Cost":1.4175,
    "Water":410,
    "Water Cost":1508.8,
    "Total Cost":56762.49970000001,
    "Total GHG Emission":112964.18280000001
  },
  "12": {
    "Electricity":230490,
    "Electricity Cost":27658.8,
    "Steam":155492.22,
    "Steam Value":4664.7666,
    "Natural Gas":189,
    "Natural Gas Cost":5.103,
    "Water":1079,
    "Water Cost":3970.7200000000003,
    "Total Cost":36299.3896,
    "Total GHG Emission":45770.58839999999
  },