{
  "5": {
    "Electricity":21000,
    "Electricity Cost":2520,
    "Steam":127192,
    "Steam Value":3815.7599999999998,
    "Natural Gas":0,
    "Natural Gas Cost":0,
    "Water":650,
    "Water Cost":2392,
    "Total Cost":8727.76,
    "Total GHG Emission":29032.24
  },
  "6": {
    "Electricity":19820,
    "Electricity Cost":2378.4,
    "Steam":95394,
    "Steam Value":2861.8199999999997,
    "Natural Gas":0,
    "Natural Gas Cost":0,
    "Water":400,
    "Water Cost":1472,
    "Total Cost":6712.219999999999,
    "Total GHG Emission":21977.68
  },
  "14": {
    "Electricity":53088,
    "Electricity Cost":6370.5599999999995,
    "Steam":84900.66,
    "Steam Value":2547.0198,
    "Natural Gas":0,
    "Natural Gas Cost":0,
    "Water":2026,
    "Water Cost":7455.68,
    "Total Cost":16373.2598,
    "Total GHG Emission":21332.545200000004
  },
  "18": {
    "Electricity":107025,
    "Electricity Cost":12843,
    "Steam":218452.26,
    "Steam Value":6553.5678,
    "Natural Gas":0,
    "Natural Gas Cost":0,
    "Water":3314,
    "Water Cost":12195.52,
    "Total Cost":31592.0878,
    "Total GHG Emission":53410.747200000005
  },
  "26": {
    "Electricity":75245,
    "Electricity Cost":9029.4,
    "Steam":286182,
    "Steam Value":8585.46,
    "Natural Gas":0,
    "Natural Gas Cost":0,
    "Water":974,
    "Water Cost":3584.32,
    "Total Cost":21199.18,
    "Total GHG Emission":66722.29000000001
  },
  "30": {
    "Electricity":93092,
    "Electricity Cost":11171.039999999999,
    "Steam":0,
    "Steam Value":0,
    "Natural Gas":188842.5,
    "Natural Gas Cost":5098.7474999999995,
    "Water":2458,
    "Water Cost":9045.44,
    "Total Cost":25315.2275,
    "Total GHG Emission":42423.1
  },
  "34": {
    "Electricity":90200,
    "Electricity Cost":10824,
    "Steam":238485,
    "Steam Value":7154.55,
    "Natural Gas":5092.5,
    "Natural Gas Cost":137.4975,
    "Water":1700,
    "Water Cost":6256,
    "Total Cost":24372.0475,
    "Total GHG Emission":57995.2
  },
  "41": {
    "Electricity":50300,
    "Electricity Cost":6036,
    "Steam":190788,
    "Steam Value":5723.639999999999,
    "Natural Gas":619.5,
    "Natural Gas Cost":16.7265,
    "Water":650,
    "Water Cost":2392,
    "Total Cost":14168.3665,
    "Total GHG Emission":44612.26
  },
  "44": {
    "Electricity":78292,
    "Electricity Cost":9395.039999999999,
    "Steam":294767.46,
    "Steam Value":8843.0238,
    "Natural Gas":6835.5,
    "Natural Gas Cost":184.5585,
    "Water":1740,
    "Water Cost":6403.200000000001,
    "Total Cost":24825.8223,
    "Total GHG Emission":70130.5412
  },
  "8": {
    "Electricity":16400,
    "Electricity Cost":1968,
    "Steam":0,
    "Steam Value":0,
    "Natural Gas":69793.5,
    "Natural Gas Cost":1884.4245,
    "Water":174,
    "Water Cost":640.32,
    "Total Cost":4492.744500000001,
    "Total GHG Emission":14778.7
  },
  "9": {
    "Electricity":131472,
    "Electricity Cost":15776.64,
    "Steam":453121.5,
    "Steam Value":13593.644999999999,
    "Natural Gas":9975,
    "Natural Gas Cost":269.325,
    "Water":2700,
    "Water Cost":9936,
    "Total Cost":39575.60999999999,
    "Total GHG Emission":108255.33
  },
  "35": {
    "Electricity":16361,
    "Electricity Cost":1963.32,
    "Steam":0,
    "Steam Value":0,
    "Natural Gas":28350,
    "Natural Gas Cost":765.45,
    "Water":61,
    "Water Cost":224.48000000000002,
    "Total Cost":2953.25,
    "Total GHG Emission":6488.05
  },
  "36": {
    "Electricity":107433,
    "Electricity Cost":12891.96,
    "Steam":177432.84,
    "Steam Value":5322.9852,
    "Natural Gas":23215.5,
    "Natural Gas Cost":626.8185,
    "Water":202,
    "Water Cost":743.36,
    "Total Cost":19585.1237,
    "Total GHG Emission":49049.974799999996
  },
  "39": {
    "Electricity":269501,
    "Electricity Cost":32340.12,
    "Steam":0,
    "Steam Value":0,
    "Natural Gas":209380.5,
    "Natural Gas Cost":5653.2735,
    "Water":1274,
    "Water Cost":4688.320000000001,
    "Total Cost":42681.713500000005,
    "Total GHG Emission":55351.15000000001
  },
  "40": {
    "Electricity":26251,
    "Electricity Cost":3150.12,
    "Steam":0,
    "Steam Value":0,
    "Natural Gas":216247.5,
    "Natural Gas Cost":5838.6825,
    "Water":0,
    "Water Cost":0,
    "Total Cost":8988.8025,
    "Total GHG Emission":44562.05
  },
  "19": {
    "Electricity":169619,
    "Electricity Cost":20354.28,
    "Steam":400018.84,
    "Steam Value":12000.565200000001,
    "Natural Gas":73720.5,
    "Natural Gas Cost":1990.4535,
    "Water":1804,
    "Water Cost":6638.72,
    "Total Cost":40984.0187,
    "Total GHG Emission":111229.19480000001
  },
  "20": {
    "Electricity":26965,
    "Electricity Cost":3235.7999999999997,
    "Steam":0,
    "Steam Value":0,
    "Natural Gas":0,
    "Natural Gas Cost":0,
    "Water":0,
    "Water Cost":0,
    "Total Cost":3235.7999999999997,
    "Total GHG Emission":1348.25
  },
  "28": {
    "Electricity":5448,
    "Electricity Cost":653.76,
    "Steam":0,
    "Steam Value":0,
    "Natural Gas":19929,
    "Natural Gas Cost":538.083,
    "Water":59,
    "Water Cost":217.12,
    "Total Cost":1408.963,
    "Total GHG Emission":4258.2
  },
  "29": {
    "Electricity":104045,
    "Electricity Cost":12485.4,
    "Steam":114154.82,
    "Steam Value":3424.6446,
    "Natural Gas":0,
    "Natural Gas Cost":0,
    "Water":418,
    "Water Cost":1538.24,
    "Total Cost":17448.2846,
    "Total GHG Emission":30316.310400000002
  },
  "33": {
    "Electricity":194518,
    "Electricity Cost":23342.16,
    "Steam":237849.04,
    "Steam Value":7135.4712,
    "Natural Gas":0,
    "Natural Gas Cost":0,
    "Water":200,
    "Water Cost":736,
    "Total Cost":31213.6312,
    "Total GHG Emission":62052.6888
  },
  "37": {
    "Electricity":68579.5,
    "Electricity Cost":8229.539999999999,
    "Steam":60734.18,
    "Steam Value":1822.0254,
    "Natural Gas":0,
    "Natural Gas Cost":0,
    "Water":43.5,
    "Water Cost":160.08,
    "Total Cost":10211.6454,
    "Total GHG Emission":16790.494599999998
  },
  "1": {
    "Electricity":192876,
    "Electricity Cost":23145.12,
    "Steam":169483.34,
    "Steam Value":5084.5001999999995,
    "Natural Gas":18795,
    "Natural Gas Cost":507.465,
    "Water":2290,
    "Water Cost":8427.2,
    "Total Cost":37164.2852,
    "Total GHG Emission":50689.1348
  },
  "2": {
    "Electricity":191858,
    "Electricity Cost":23022.96,
    "Steam":249614.30000000002,
    "Steam Value":7488.429,
    "Natural Gas":0,
    "Natural Gas Cost":0,
    "Water":1638,
    "Water Cost":6027.84,
    "Total Cost":36539.229,
    "Total GHG Emission":64508.046
  },
  "3": {
    "Electricity":62488,
    "Electricity Cost":7498.5599999999995,
    "Steam":266149.26,
    "Steam Value":7984.4778,
    "Natural Gas":0,
    "Natural Gas Cost":0,
    "Water":261,
    "Water Cost":960.48,
    "Total Cost":16443.517799999998,
    "Total GHG Emission":61677.2372
  },
  "4": {
    "Electricity":108007,
    "Electricity Cost":12960.84,
    "Steam":246434.5,
    "Steam Value":7393.035,
    "Natural Gas":0,
    "Natural Gas Cost":0,
    "Water":436,
    "Water Cost":1604.48,
    "Total Cost":21958.355,
    "Total GHG Emission":59615.94
  },
  "10": {
    "Electricity":352476,
    "Electricity Cost":42297.119999999995,
    "Steam":453121.5,
    "Steam Value":13593.644999999999,
    "Natural Gas":115.5,
    "Natural Gas Cost":3.1185,
    "Water":964,
    "Water Cost":3547.52,
    "Total Cost":59441.403499999986,
    "Total GHG Emission":117333.62999999999
  },
  "12": {
    "Electricity":249721,
    "Electricity Cost":29966.52,
    "Steam":973972.7400000001,
    "Steam Value":29219.182200000003,
    "Natural Gas":231,
    "Natural Gas Cost":6.237,
    "Water":1058,
    "Water Cost":3893.44,
    "Total Cost":63085.3792,
    "Total GHG Emission":226806.25280000002
  },
  "13": {
    "Electricity":253906,
    "Electricity Cost":30468.719999999998,
    "Steam":316708.08,
    "Steam Value":9501.242400000001,
    "Natural Gas":0,