{
  "5": {
    "Electricity":24235,
    "Electricity Cost":2908.2,
    "Steam":145634.84,
    "Steam Value":4369.0452,
    "Natural Gas":0,
    "Natural Gas Cost":0,
    "Water":694,
    "Water Cost":2553.92,
    "Total Cost":9831.1652,
    "Total GHG Emission":33251.4148
  },
  "6": {
    "Electricity":21639,
    "Electricity Cost":2596.68,
    "Steam":109067.14,
    "Steam Value":3272.0142,
    "Natural Gas":0,
    "Natural Gas Cost":0,
    "Water":436,
    "Water Cost":1604.48,
    "Total Cost":7473.1741999999995,
    "Total GHG Emission":25076.7208
  },
  "14": {
    "Electricity":61841,
    "Electricity Cost":7420.92,
    "Steam":317980,
    "Steam Value":9539.4,
    "Natural Gas":0,
    "Natural Gas Cost":0,
    "Water":2288,
    "Water Cost":8419.84,
    "Total Cost":25380.16,
    "Total GHG Emission":73047.65000000001
  },
  "18": {
    "Electricity":114837,
    "Electricity Cost":13780.439999999999,
    "Steam":238802.98,
    "Steam Value":7164.0894,
    "Natural Gas":0,
    "Natural Gas Cost":0,
    "Water":5266,
    "Water Cost":19378.88,
    "Total Cost":40323.4094,
    "Total GHG Emission":58278.505600000004
  },
  "26": {
    "Electricity":86538,
    "Electricity Cost":10384.56,
    "Steam":286182,
    "Steam Value":8585.46,
    "Natural Gas":0,
    "Natural Gas Cost":0,
    "Water":1692,
    "Water Cost":6226.56,
    "Total Cost":25196.579999999998,
    "Total GHG Emission":67286.94
  },
  "30": {
    "Electricity":103944,
    "Electricity Cost":12473.279999999999,
    "Steam":0,
    "Steam Value":0,
    "Natural Gas":280486.5,
    "Natural Gas Cost":7573.1355,
    "Water":2902,
    "Water Cost":10679.36,
    "Total Cost":30725.7755,
    "Total GHG Emission":61294.5
  },
  "34": {
    "Electricity":100132,
    "Electricity Cost":12015.84,
    "Steam":276324.62,
    "Steam Value":8289.738599999999,
    "Natural Gas":4557,
    "Natural Gas Cost":123.039,
    "Water":1896,
    "Water Cost":6977.280000000001,
    "Total Cost":27405.8976,
    "Total GHG Emission":66709.4164
  },
  "41": {
    "Electricity":54262,
    "Electricity Cost":6511.44,
    "Steam":227355.7,
    "Steam Value":6820.671,
    "Natural Gas":1270.5,
    "Natural Gas Cost":34.3035,
    "Water":735,
    "Water Cost":2704.8,
    "Total Cost":16071.2145,
    "Total GHG Emission":52985.454
  },
  "44": {
    "Electricity":85854,
    "Electricity Cost":10302.48,
    "Steam":358681.44,
    "Steam Value":10760.4432,
    "Natural Gas":6226.5,
    "Natural Gas Cost":168.1155,
    "Water":1929,
    "Water Cost":7098.72,
    "Total Cost":28329.7587,
    "Total GHG Emission":84447.9168
  },
  "8": {
    "Electricity":18560,
    "Electricity Cost":2227.2,
    "Steam":0,
    "Steam Value":0,
    "Natural Gas":88777.5,
    "Natural Gas Cost":2396.9925,
    "Water":178,
    "Water Cost":655.0400000000001,
    "Total Cost":5279.2325,
    "Total GHG Emission":18683.5
  },
  "9": {
    "Electricity":129656,
    "Electricity Cost":15558.72,
    "Steam":487781.32,
    "Steam Value":14633.4396,
    "Natural Gas":19183.5,
    "Natural Gas Cost":517.9544999999999,
    "Water":2406,
    "Water Cost":8854.08,
    "Total Cost":39564.1941,
    "Total GHG Emission":117631.3904
  },
  "35": {
    "Electricity":32442,
    "Electricity Cost":3893.04,
    "Steam":0,
    "Steam Value":0,
    "Natural Gas":164829,
    "Natural Gas Cost":4450.383,
    "Water":46,
    "Water Cost":169.28,
    "Total Cost":8512.703,
    "Total GHG Emission":34587.9
  },
  "36": {
    "Electricity":107372,
    "Electricity Cost":12884.64,
    "Steam":158990,
    "Steam Value":4769.7,
    "Natural Gas":39889.5,
    "Natural Gas Cost":1077.0165,
    "Water":206,
    "Water Cost":758.08,
    "Total Cost":19489.4365,
    "Total GHG Emission":48324.3
  },
  "39": {
    "Electricity":268711,
    "Electricity Cost":32245.32,
    "Steam":0,
    "Steam Value":0,
    "Natural Gas":266353.5,
    "Natural Gas Cost":7191.5445,
    "Water":1358,
    "Water Cost":4997.4400000000005,
    "Total Cost":44434.3045,
    "Total GHG Emission":66706.25
  },
  "40": {
    "Electricity":25522,
    "Electricity Cost":3062.64,
    "Steam":0,
    "Steam Value":0,
    "Natural Gas":381643.5,
    "Natural Gas Cost":10304.3745,
    "Water":0,
    "Water Cost":0,
    "Total Cost":13367.0145,
    "Total GHG Emission":77604.8
  },
  "19": {
    "Electricity":154445,
    "Electricity Cost":18533.399999999998,
    "Steam":365041.04000000004,
    "Steam Value":10951.2312,
    "Natural Gas":68418,
    "Natural Gas Cost":1847.286,
    "Water":1402,
    "Water Cost":5159.360000000001,
    "Total Cost":36491.2772,
    "Total GHG Emission":101714.8788
  },
  "20": {
    "Electricity":24069,
    "Electricity Cost":2888.2799999999997,
    "Steam":0,
    "Steam Value":0,
    "Natural Gas":0,
    "Natural Gas Cost":0,
    "Water":0,
    "Water Cost":0,
    "Total Cost":2888.2799999999997,
    "Total GHG Emission":1203.45
  },
  "28": {
    "Electricity":5974,
    "Electricity Cost":716.88,
    "Steam":0,
    "Steam Value":0,
    "Natural Gas":26323.5,
    "Natural Gas Cost":710.7345,
    "Water":74,
    "Water Cost":272.32,
    "Total Cost":1699.9345,
    "Total GHG Emission":5563.400000000001
  },
  "29": {
    "Electricity":97306,
    "Electricity Cost":11676.72,
    "Steam":139593.22,
    "Steam Value":4187.7966,
    "Natural Gas":0,
    "Natural Gas Cost":0,
    "Water":397,
    "Water Cost":1460.96,
    "Total Cost":17325.4766,
    "Total GHG Emission":35575.8084
  },
  "33": {
    "Electricity":197009,
    "Electricity Cost":23641.079999999998,
    "Steam":257881.78000000003,
    "Steam Value":7736.4534,
    "Natural Gas":0,
    "Natural Gas Cost":0,
    "Water":123,
    "Water Cost":452.64000000000004,
    "Total Cost":31830.1734,
    "Total GHG Emission":66584.4416
  },
  "37": {
    "Electricity":56351,
    "Electricity Cost":6762.12,
    "Steam":65821.86,
    "Steam Value":1974.6558,
    "Natural Gas":0,
    "Natural Gas Cost":0,
    "Water":19.5,
    "Water Cost":71.76,
    "Total Cost":8808.5358,
    "Total GHG Emission":17298.3592
  },
  "1": {
    "Electricity":199113,
    "Electricity Cost":23893.559999999998,
    "Steam":184110.42,
    "Steam Value":5523.3126,
    "Natural Gas":51145.5,
    "Natural Gas Cost":1380.9285,
    "Water":2288,
    "Water Cost":8419.84,
    "Total Cost":39217.6411,
    "Total GHG Emission":60689.042400000006
  },
  "2": {
    "Electricity":218518,
    "Electricity Cost":26222.16,
    "Steam":567912.28,
    "Steam Value":17037.3684,
    "Natural Gas":0,
    "Natural Gas Cost":0,
    "Water":1474,
    "Water Cost":5424.320000000001,
    "Total Cost":48683.8484,
    "Total GHG Emission":135866.6016
  },
  "3": {
    "Electricity":66562,
    "Electricity Cost":7987.44,
    "Steam":82038.84000000001,
    "Steam Value":2461.1652000000004,
    "Natural Gas":0,
    "Natural Gas Cost":0,
    "Water":231,
    "Water Cost":850.08,
    "Total Cost":11298.6852,
    "Total GHG Emission":21376.644800000002
  },
  "4": {
    "Electricity":102015,
    "Electricity Cost":12241.8,
    "Steam":346916.18,
    "Steam Value":10407.4854,
    "Natural Gas":0,
    "Natural Gas Cost":0,
    "Water":468,
    "Water Cost":1722.24,
    "Total Cost":24371.5254,
    "Total GHG Emission":81422.3096
  },
  "10": {
    "Electricity":335933,
    "Electricity Cost":40311.96,
    "Steam":583811.28,
    "Steam Value":17514.3384,
    "Natural Gas":31.5,
    "Natural Gas Cost":0.8505,
    "Water":1255,
    "Water Cost":4618.400000000001,
    "Total Cost":62445.5489,
    "Total GHG Emission":145241.4316
  },
  "12": {
    "Electricity":242319,
    "Electricity Cost":29078.28,
    "Steam":1348235.2000000002,
    "Steam Value":40447.056000000004,
    "Natural Gas":525,
    "Natural Gas Cost":14.175,
    "Water":1330,
    "Water Cost":4894.400000000001,
    "Total Cost":74433.91100000001,
    "Total GHG Emission":308832.6940000001
  },
  "13": {
    "Electricity":238468,
    "Electricity Cost":28616.16,
    "Steam":346916.18,
    "Steam Value":10407.4854,