{
  "5": {
    "Electricity":11739,
    "Electricity Cost":1408.6799999999998,
    "Steam":0,
    "Steam Value":0,
    "Natural Gas":0,
    "Natural Gas Cost":0,
    "Water":1,
    "Water Cost":3.68,
    "Total Cost":1412.36,
    "Total GHG Emission":586.95
  },
  "6": {
    "Electricity":6764,
    "Electricity Cost":811.68,
    "Steam":0,
    "Steam Value":0,
    "Natural Gas":0,
    "Natural Gas Cost":0,
    "Water":1,
    "Water Cost":3.68,
    "Total Cost":815.3599999999999,
    "Total GHG Emission":338.20000000000005
  },
  "14": {
    "Electricity":34448,
    "Electricity Cost":4133.76,
    "Steam":317.98,
    "Steam Value":9.5394,
    "Natural Gas":0,
    "Natural Gas Cost":0,
    "Water":359,
    "Water Cost":1321.1200000000001,
    "Total Cost":5464.4194,
    "Total GHG Emission":1792.3556
  },
  "18": {
    "Electricity":209815,
    "Electricity Cost":25177.8,
    "Steam":61052.16,
    "Steam Value":1831.5648,
    "Natural Gas":0,
    "Natural Gas Cost":0,
    "Water":2274,
    "Water Cost":8368.32,
    "Total Cost":35377.684799999995,
    "Total GHG Emission":23922.2252
  },
  "26": {
    "Electricity":39003,
    "Electricity Cost":4680.36,
    "Steam":0,
    "Steam Value":0,
    "Natural Gas":0,
    "Natural Gas Cost":0,
    "Water":1093,
    "Water Cost":4022.2400000000002,
    "Total Cost":8702.6,
    "Total GHG Emission":1950.15
  },
  "30": {
    "Electricity":115623,
    "Electricity Cost":13874.76,
    "Steam":0,
    "Steam Value":0,
    "Natural Gas":12379.5,
    "Natural Gas Cost":334.24649999999997,
    "Water":1770,
    "Water Cost":6513.6,
    "Total Cost":20722.6065,
    "Total GHG Emission":8257.050000000001
  },
  "34": {
    "Electricity":105229,
    "Electricity Cost":12627.48,
    "Steam":1907.88,
    "Steam Value":57.2364,
    "Natural Gas":987,
    "Natural Gas Cost":26.649,
    "Water":367,
    "Water Cost":1350.56,
    "Total Cost":14061.925399999998,
    "Total GHG Emission":5878.5836
  },
  "41": {
    "Electricity":62034,
    "Electricity Cost":7444.08,
    "Steam":317.98,
    "Steam Value":9.5394,
    "Natural Gas":430.5,
    "Natural Gas Cost":11.6235,
    "Water":70,
    "Water Cost":257.6,
    "Total Cost":7722.8429,
    "Total GHG Emission":3257.7556000000004
  },
  "44": {
    "Electricity":81313,
    "Electricity Cost":9757.56,
    "Steam":808941.12,
    "Steam Value":24268.2336,
    "Natural Gas":94.5,
    "Natural Gas Cost":2.5515,
    "Water":67,
    "Water Cost":246.56,
    "Total Cost":34274.9051,
    "Total GHG Emission":182051.59639999998
  },
  "8": {
    "Electricity":16185,
    "Electricity Cost":1942.1999999999998,
    "Steam":0,
    "Steam Value":0,
    "Natural Gas":23478,
    "Natural Gas Cost":633.906,
    "Water":534,
    "Water Cost":1965.1200000000001,
    "Total Cost":4541.226,
    "Total GHG Emission":5504.85
  },
  "9": {
    "Electricity":125629,
    "Electricity Cost":15075.48,
    "Steam":55010.54,
    "Steam Value":1650.3162,
    "Natural Gas":4042.5,
    "Natural Gas Cost":109.1475,
    "Water":2666,
    "Water Cost":9810.880000000001,
    "Total Cost":26645.8237,
    "Total GHG Emission":19192.2688
  },
  "35": {
    "Electricity":15186,
    "Electricity Cost":1822.32,
    "Steam":0,
    "Steam Value":0,
    "Natural Gas":0,
    "Natural Gas Cost":0,
    "Water":66,
    "Water Cost":242.88000000000002,
    "Total Cost":2065.2,
    "Total GHG Emission":759.3000000000001
  },
  "36": {
    "Electricity":113212,
    "Electricity Cost":13585.439999999999,
    "Steam":0,
    "Steam Value":0,
    "Natural Gas":147,
    "Natural Gas Cost":3.969,
    "Water":150,
    "Water Cost":552,
    "Total Cost":14141.408999999998,
    "Total GHG Emission":5690
  },
  "39": {
    "Electricity":253778,
    "Electricity Cost":30453.36,
    "Steam":0,
    "Steam Value":0,
    "Natural Gas":70423.5,
    "Natural Gas Cost":1901.4345,
    "Water":1170,
    "Water Cost":4305.6,
    "Total Cost":36660.3945,
    "Total GHG Emission":26773.600000000002
  },
  "40": {
    "Electricity":18249,
    "Electricity Cost":2189.88,
    "Steam":0,
    "Steam Value":0,
    "Natural Gas":0,
    "Natural Gas Cost":0,
    "Water":0,
    "Water Cost":0,
    "Total Cost":2189.88,
    "Total GHG Emission":912.45
  },
  "19": {
    "Electricity":173531,
    "Electricity Cost":20823.719999999998,
    "Steam":165031.62,
    "Steam Value":4950.9486,
    "Natural Gas":40498.5,
    "Natural Gas Cost":1093.4595,
    "Water":1607,
    "Water Cost":5913.76,
    "Total Cost":32781.8881,
    "Total GHG Emission":53083.2064
  },
  "20": {
    "Electricity":8135,
    "Electricity Cost":976.1999999999999,
    "Steam":0,
    "Steam Value":0,
    "Natural Gas":0,
    "Natural Gas Cost":0,
    "Water":0,
    "Water Cost":0,
    "Total Cost":976.1999999999999,
    "Total GHG Emission":406.75
  },
  "28": {
    "Electricity":6557,
    "Electricity Cost":786.8399999999999,
    "Steam":0,
    "Steam Value":0,
    "Natural Gas":2751,
    "Natural Gas Cost":74.277,
    "Water":73,
    "Water Cost":268.64,
    "Total Cost":1129.757,
    "Total GHG Emission":878.0500000000001
  },
  "29": {
    "Electricity":111841,
    "Electricity Cost":13420.92,
    "Steam":4133.74,
    "Steam Value":124.01219999999999,
    "Natural Gas":0,
    "Natural Gas Cost":0,
    "Water":604,
    "Water Cost":2222.7200000000003,
    "Total Cost":15767.652199999999,
    "Total GHG Emission":6501.4728000000005
  },
  "33": {
    "Electricity":270332,
    "Electricity Cost":32439.84,
    "Steam":4133.74,
    "Steam Value":124.01219999999999,
    "Natural Gas":0,
    "Natural Gas Cost":0,
    "Water":137,
    "Water Cost":504.16,
    "Total Cost":33068.0122,
    "Total GHG Emission":14426.0228
  },
  "37": {
    "Electricity":70153,
    "Electricity Cost":8418.36,
    "Steam":0,
    "Steam Value":0,
    "Natural Gas":0,
    "Natural Gas Cost":0,
    "Water":120.5,
    "Water Cost":443.44,
    "Total Cost":8861.800000000001,
    "Total GHG Emission":3507.65
  },
  "1": {
    "Electricity":352296,
    "Electricity Cost":42275.52,
    "Steam":0,
    "Steam Value":0,
    "Natural Gas":115.5,
    "Natural Gas Cost":3.1185,
    "Water":1529,
    "Water Cost":5626.72,
    "Total Cost":47905.358499999995,
    "Total GHG Emission":17637.899999999998
  },
  "2": {
    "Electricity":583471,
    "Electricity Cost":70016.52,
    "Steam":186336.28,
    "Steam Value":5590.0884,
    "Natural Gas":0,
    "Natural Gas Cost":0,
    "Water":2037,
    "Water Cost":7496.160000000001,
    "Total Cost":83102.7684,
    "Total GHG Emission":70167.5316
  },
  "3": {
    "Electricity":44614,
    "Electricity Cost":5353.679999999999,
    "Steam":6677.58,
    "Steam Value":200.32739999999998,
    "Natural Gas":0,
    "Natural Gas Cost":0,
    "Water":139,
    "Water Cost":511.52000000000004,
    "Total Cost":6065.5274,
    "Total GHG Emission":3699.7676
  },
  "4": {
    "Electricity":82084,
    "Electricity Cost":9850.08,
    "Steam":4133.74,
    "Steam Value":124.01219999999999,
    "Natural Gas":0,
    "Natural Gas Cost":0,
    "Water":110,
    "Water Cost":404.8,
    "Total Cost":10378.892199999998,
    "Total GHG Emission":5013.6228
  },
  "10": {
    "Electricity":251743,
    "Electricity Cost":30209.16,
    "Steam":5087.68,
    "Steam Value":152.6304,
    "Natural Gas":10.5,
    "Natural Gas Cost":0.2835,
    "Water":2612,
    "Water Cost":9612.16,
    "Total Cost":39974.2339,
    "Total GHG Emission":13708.539600000002
  },
  "12": {
    "Electricity":268924,
    "Electricity Cost":32270.879999999997,
    "Steam":317.98,
    "Steam Value":9.5394,
    "Natural Gas":409.5,
    "Natural Gas Cost":11.0565,
    "Water":2048,
    "Water Cost":7536.64,
    "Total Cost":39828.1159,
    "Total GHG Emission":13598.0556
  },
  "13": {
    "Electricity":257424,
    "Electricity Cost":30890.879999999997,
    "Steam":1271.92,
    "Steam Value":38.1576,
    "Natural Gas":0,
    "Natural Gas Cost":0,
    "Water":334,
    "Water Cost":1229.1200000000001,
    "Total Cost":32158.157599999995,