{
  "5": {
    "Electricity":12648,
    "Electricity Cost":1517.76,
    "Steam":31798,
    "Steam Value":953.9399999999999,
    "Natural Gas":0,
    "Natural Gas Cost":0,
    "Water":3,
    "Water Cost":11.040000000000001,
    "Total Cost":2482.74,
    "Total GHG Emission":7627.960000000001
  },
  "6": {
    "Electricity":8112,
    "Electricity Cost":973.4399999999999,
    "Steam":5405.66,
    "Steam Value":162.16979999999998,
    "Natural Gas":0,
    "Natural Gas Cost":0,
    "Water":8,
    "Water Cost":29.44,
    "Total Cost":1165.0498,
    "Total GHG Emission":1594.8452000000002
  },
  "14": {
    "Electricity":32439,
    "Electricity Cost":3892.68,
    "Steam":5723.64,
    "Steam Value":171.7092,
    "Natural Gas":0,
    "Natural Gas Cost":0,
    "Water":1514,
    "Water Cost":5571.52,
    "Total Cost":9635.9092,
    "Total GHG Emission":2881.1508000000003
  },
  "18": {
    "Electricity":117954,
    "Electricity Cost":14154.48,
    "Steam":63913.98,
    "Steam Value":1917.4194,
    "Natural Gas":0,
    "Natural Gas Cost":0,
    "Water":1625,
    "Water Cost":5980,
    "Total Cost":22051.8994,
    "Total GHG Emission":19958.7756
  },
  "26": {
    "Electricity":51820,
    "Electricity Cost":6218.4,
    "Steam":0,
    "Steam Value":0,
    "Natural Gas":0,
    "Natural Gas Cost":0,
    "Water":1090,
    "Water Cost":4011.2000000000003,
    "Total Cost":10229.6,
    "Total GHG Emission":2591
  },
  "30": {
    "Electricity":88184,
    "Electricity Cost":10582.08,
    "Steam":0,
    "Steam Value":0,
    "Natural Gas":12211.5,
    "Natural Gas Cost":329.7105,
    "Water":1977,
    "Water Cost":7275.360000000001,
    "Total Cost":18187.150500000003,
    "Total GHG Emission":6851.5
  },
  "34": {
    "Electricity":77461,
    "Electricity Cost":9295.32,
    "Steam":14945.060000000001,
    "Steam Value":448.3518,
    "Natural Gas":10.5,
    "Natural Gas Cost":0.2835,
    "Water":262,
    "Water Cost":964.1600000000001,
    "Total Cost":10708.1153,
    "Total GHG Emission":7163.0632000000005
  },
  "41": {
    "Electricity":48489,
    "Electricity Cost":5818.679999999999,
    "Steam":1589.9,
    "Steam Value":47.697,
    "Natural Gas":147,
    "Natural Gas Cost":3.969,
    "Water":114,
    "Water Cost":419.52000000000004,
    "Total Cost":6289.866,
    "Total GHG Emission":2803.6280000000006
  },
  "44": {
    "Electricity":56860,
    "Electricity Cost":6823.2,
    "Steam":618153.12,
    "Steam Value":18544.5936,
    "Natural Gas":31.5,
    "Natural Gas Cost":0.8505,
    "Water":188,
    "Water Cost":691.84,
    "Total Cost":26060.4841,
    "Total GHG Emission":138842.9864
  },
  "8": {
    "Electricity":12999,
    "Electricity Cost":1559.8799999999999,
    "Steam":0,
    "Steam Value":0,
    "Natural Gas":37527,
    "Natural Gas Cost":1013.229,
    "Water":161,
    "Water Cost":592.48,
    "Total Cost":3165.589,
    "Total GHG Emission":8155.35
  },
  "9": {
    "Electricity":122449,
    "Electricity Cost":14693.88,
    "Steam":197147.6,
    "Steam Value":5914.428,
    "Natural Gas":4882.5,
    "Natural Gas Cost":131.8275,
    "Water":2854,
    "Water Cost":10502.720000000001,
    "Total Cost":31242.855499999998,
    "Total GHG Emission":50471.422000000006
  },
  "35": {
    "Electricity":10382,
    "Electricity Cost":1245.84,
    "Steam":0,
    "Steam Value":0,
    "Natural Gas":0,
    "Natural Gas Cost":0,
    "Water":83,
    "Water Cost":305.44,
    "Total Cost":1551.28,
    "Total GHG Emission":519.1
  },
  "36": {
    "Electricity":63654,
    "Electricity Cost":7638.48,
    "Steam":49922.86,
    "Steam Value":1497.6858,
    "Natural Gas":777,
    "Natural Gas Cost":20.979,
    "Water":132,
    "Water Cost":485.76000000000005,
    "Total Cost":9642.904799999998,
    "Total GHG Emission":14321.129200000001
  },
  "39": {
    "Electricity":215060,
    "Electricity Cost":25807.2,
    "Steam":0,
    "Steam Value":0,
    "Natural Gas":112581,
    "Natural Gas Cost":3039.687,
    "Water":875,
    "Water Cost":3220,
    "Total Cost":32066.887000000002,
    "Total GHG Emission":33269.2
  },
  "40": {
    "Electricity":51859,
    "Electricity Cost":6223.08,
    "Steam":0,
    "Steam Value":0,
    "Natural Gas":10458,
    "Natural Gas Cost":282.366,
    "Water":0,
    "Water Cost":0,
    "Total Cost":6505.446,
    "Total GHG Emission":4684.55
  },
  "19": {
    "Electricity":151155,
    "Electricity Cost":18138.6,
    "Steam":146588.78,
    "Steam Value":4397.6633999999995,
    "Natural Gas":13219.5,
    "Natural Gas Cost":356.9265,
    "Water":998,
    "Water Cost":3672.6400000000003,
    "Total Cost":26565.829899999997,
    "Total GHG Emission":42451.181599999996
  },
  "20": {
    "Electricity":14201,
    "Electricity Cost":1704.12,
    "Steam":0,
    "Steam Value":0,
    "Natural Gas":0,
    "Natural Gas Cost":0,
    "Water":0,
    "Water Cost":0,
    "Total Cost":1704.12,
    "Total GHG Emission":710.0500000000001
  },
  "28": {
    "Electricity":5672,
    "Electricity Cost":680.64,
    "Steam":0,
    "Steam Value":0,
    "Natural Gas":4683,
    "Natural Gas Cost":126.441,
    "Water":69,
    "Water Cost":253.92000000000002,
    "Total Cost":1061.001,
    "Total GHG Emission":1220.2
  },
  "29": {
    "Electricity":102940,
    "Electricity Cost":12352.8,
    "Steam":8267.48,
    "Steam Value":248.02439999999999,
    "Natural Gas":0,
    "Natural Gas Cost":0,
    "Water":487,
    "Water Cost":1792.16,
    "Total Cost":14392.9844,
    "Total GHG Emission":6965.8456
  },
  "33": {
    "Electricity":197522,
    "Electricity Cost":23702.64,
    "Steam":66457.82,
    "Steam Value":1993.7346000000002,
    "Natural Gas":0,
    "Natural Gas Cost":0,
    "Water":164,
    "Water Cost":603.52,
    "Total Cost":26299.8946,
    "Total GHG Emission":24496.820400000004
  },
  "37": {
    "Electricity":63244,
    "Electricity Cost":7589.28,
    "Steam":2384.8500000000004,
    "Steam Value":71.5455,
    "Natural Gas":0,
    "Natural Gas Cost":0,
    "Water":39.5,
    "Water Cost":145.36,
    "Total Cost":7806.1855,
    "Total GHG Emission":3686.867
  },
  "1": {
    "Electricity":251705,
    "Electricity Cost":30204.6,
    "Steam":0,
    "Steam Value":0,
    "Natural Gas":1953,
    "Natural Gas Cost":52.731,
    "Water":1355,
    "Water Cost":4986.400000000001,
    "Total Cost":35243.731,
    "Total GHG Emission":12975.85
  },
  "2": {
    "Electricity":508969,
    "Electricity Cost":61076.28,
    "Steam":302398.98000000004,
    "Steam Value":9071.9694,
    "Natural Gas":0,
    "Natural Gas Cost":0,
    "Water":2021,
    "Water Cost":7437.280000000001,
    "Total Cost":77585.5294,
    "Total GHG Emission":91976.2256
  },
  "3": {
    "Electricity":50725,
    "Electricity Cost":6087,
    "Steam":19078.800000000003,
    "Steam Value":572.364,
    "Natural Gas":0,
    "Natural Gas Cost":0,
    "Water":124,
    "Water Cost":456.32,
    "Total Cost":7115.683999999999,
    "Total GHG Emission":6733.586
  },
  "4": {
    "Electricity":82604,
    "Electricity Cost":9912.48,
    "Steam":4133.74,
    "Steam Value":124.01219999999999,
    "Natural Gas":0,
    "Natural Gas Cost":0,
    "Water":156,
    "Water Cost":574.08,
    "Total Cost":10610.572199999999,
    "Total GHG Emission":5039.6228
  },
  "10": {
    "Electricity":281556,
    "Electricity Cost":33786.72,
    "Steam":195239.72,
    "Steam Value":5857.1916,
    "Natural Gas":21,
    "Natural Gas Cost":0.567,
    "Water":2386,
    "Water Cost":8780.48,
    "Total Cost":48424.9586,
    "Total GHG Emission":57034.7384
  },
  "12": {
    "Electricity":257374,
    "Electricity Cost":30884.879999999997,
    "Steam":0,
    "Steam Value":0,
    "Natural Gas":420,
    "Natural Gas Cost":11.34,
    "Water":1266,
    "Water Cost":4658.88,
    "Total Cost":35555.09999999999,
    "Total GHG Emission":12952.7
  },
  "13": {
    "Electricity":255381,
    "Electricity Cost":30645.719999999998,
    "Steam":69637.62000000001,
    "Steam Value":2089.1286,
    "Natural Gas":0,
    "Natural Gas Cost":0,
    "Water":480,
    "Water Cost":1766.4,