{
  "5": {
    "Electricity":21148,
    "Electricity Cost":2537.7599999999998,
    "Steam":3815.76,
    "Steam Value":114.4728,
    "Natural Gas":0,
    "Natural Gas Cost":0,
    "Water":221,
    "Water Cost":813.2800000000001,
    "Total Cost":3465.5128,
    "Total GHG Emission":1896.8672000000001
  },
  "6": {
    "Electricity":19034,
    "Electricity Cost":2284.08,
    "Steam":0,
    "Steam Value":0,
    "Natural Gas":0,
    "Natural Gas Cost":0,
    "Water":418,
    "Water Cost":1538.24,
    "Total Cost":3822.3199999999997,
    "Total GHG Emission":951.7
  },
  "14": {
    "Electricity":50222,
    "Electricity Cost":6026.639999999999,
    "Steam":15899,
    "Steam Value":476.96999999999997,
    "Natural Gas":0,
    "Natural Gas Cost":0,
    "Water":2258,
    "Water Cost":8309.44,
    "Total Cost":14813.05,
    "Total GHG Emission":6008.880000000001
  },
  "18": {
    "Electricity":171042,
    "Electricity Cost":20525.04,
    "Steam":45789.12,
    "Steam Value":1373.6736,
    "Natural Gas":0,
    "Natural Gas Cost":0,
    "Water":2777,
    "Water Cost":10219.36,
    "Total Cost":32118.073600000003,
    "Total GHG Emission":18625.706400000003
  },
  "26": {
    "Electricity":77159,
    "Electricity Cost":9259.08,
    "Steam":0,
    "Steam Value":0,
    "Natural Gas":0,
    "Natural Gas Cost":0,
    "Water":710,
    "Water Cost":2612.8,
    "Total Cost":11871.880000000001,
    "Total GHG Emission":3857.9500000000003
  },
  "30": {
    "Electricity":118383,
    "Electricity Cost":14205.96,
    "Steam":0,
    "Steam Value":0,
    "Natural Gas":35343,
    "Natural Gas Cost":954.261,
    "Water":2656,
    "Water Cost":9774.08,
    "Total Cost":24934.301,
    "Total GHG Emission":12987.75
  },
  "34": {
    "Electricity":105202,
    "Electricity Cost":12624.24,
    "Steam":6995.56,
    "Steam Value":209.8668,
    "Natural Gas":4767,
    "Natural Gas Cost":128.709,
    "Water":1766,
    "Water Cost":6498.88,
    "Total Cost":19461.695799999998,
    "Total GHG Emission":7752.5232
  },
  "41": {
    "Electricity":62770,
    "Electricity Cost":7532.4,
    "Steam":635.96,
    "Steam Value":19.0788,
    "Natural Gas":2331,
    "Natural Gas Cost":62.937,
    "Water":1433,
    "Water Cost":5273.4400000000005,
    "Total Cost":12887.8558,
    "Total GHG Emission":3744.6112
  },
  "44": {
    "Electricity":124098,
    "Electricity Cost":14891.76,
    "Steam":214636.5,
    "Steam Value":6439.094999999999,
    "Natural Gas":6814.5,
    "Natural Gas Cost":183.9915,
    "Water":2385,
    "Water Cost":8776.800000000001,
    "Total Cost":30291.6465,
    "Total GHG Emission":54787.83
  },
  "8": {
    "Electricity":16068,
    "Electricity Cost":1928.1599999999999,
    "Steam":0,
    "Steam Value":0,
    "Natural Gas":26449.5,
    "Natural Gas Cost":714.1365,
    "Water":298,
    "Water Cost":1096.64,
    "Total Cost":3738.9365000000003,
    "Total GHG Emission":6093.300000000001
  },
  "9": {
    "Electricity":118595,
    "Electricity Cost":14231.4,
    "Steam":66775.8,
    "Steam Value":2003.2740000000001,
    "Natural Gas":10584,
    "Natural Gas Cost":285.768,
    "Water":2506,
    "Water Cost":9222.08,
    "Total Cost":25742.522,
    "Total GHG Emission":22737.226000000002
  },
  "35": {
    "Electricity":15467,
    "Electricity Cost":1856.04,
    "Steam":0,
    "Steam Value":0,
    "Natural Gas":1260,
    "Natural Gas Cost":34.02,
    "Water":40,
    "Water Cost":147.20000000000002,
    "Total Cost":2037.26,
    "Total GHG Emission":1025.35
  },
  "36": {
    "Electricity":101116,
    "Electricity Cost":12133.92,
    "Steam":0,
    "Steam Value":0,
    "Natural Gas":241.5,
    "Natural Gas Cost":6.5205,
    "Water":252,
    "Water Cost":927.36,
    "Total Cost":13067.800500000001,
    "Total GHG Emission":5104.1
  },
  "39": {
    "Electricity":252810,
    "Electricity Cost":30337.199999999997,
    "Steam":0,
    "Steam Value":0,
    "Natural Gas":79348.5,
    "Natural Gas Cost":2142.4094999999998,
    "Water":1276,
    "Water Cost":4695.68,
    "Total Cost":37175.2895,
    "Total GHG Emission":28510.2
  },
  "40": {
    "Electricity":21035,
    "Electricity Cost":2524.2,
    "Steam":0,
    "Steam Value":0,
    "Natural Gas":0,
    "Natural Gas Cost":0,
    "Water":0,
    "Water Cost":0,
    "Total Cost":2524.2,
    "Total GHG Emission":1051.75
  },
  "19": {
    "Electricity":179742,
    "Electricity Cost":21569.04,
    "Steam":288089.88,
    "Steam Value":8642.6964,
    "Natural Gas":81301.5,
    "Natural Gas Cost":2195.1405,
    "Water":2025,
    "Water Cost":7452,
    "Total Cost":39858.8769,
    "Total GHG Emission":88627.17360000001
  },
  "20": {
    "Electricity":10151,
    "Electricity Cost":1218.12,
    "Steam":0,
    "Steam Value":0,
    "Natural Gas":0,
    "Natural Gas Cost":0,
    "Water":0,
    "Water Cost":0,
    "Total Cost":1218.12,
    "Total GHG Emission":507.55
  },
  "28": {
    "Electricity":5396,
    "Electricity Cost":647.52,
    "Steam":0,
    "Steam Value":0,
    "Natural Gas":4116,
    "Natural Gas Cost":111.132,
    "Water":70,
    "Water Cost":257.6,
    "Total Cost":1016.252,
    "Total GHG Emission":1093
  },
  "29": {
    "Electricity":96120,
    "Electricity Cost":11534.4,
    "Steam":0,
    "Steam Value":0,
    "Natural Gas":0,
    "Natural Gas Cost":0,
    "Water":458,
    "Water Cost":1685.44,
    "Total Cost":13219.84,
    "Total GHG Emission":4806
  },
  "33": {
    "Electricity":210289,
    "Electricity Cost":25234.68,
    "Steam":15899,
    "Steam Value":476.96999999999997,
    "Natural Gas":0,
    "Natural Gas Cost":0,
    "Water":105,
    "Water Cost":386.40000000000003,
    "Total Cost":26098.050000000003,
    "Total GHG Emission":14012.230000000001
  },
  "37": {
    "Electricity":54146,
    "Electricity Cost":6497.5199999999995,
    "Steam":0,
    "Steam Value":0,
    "Natural Gas":0,
    "Natural Gas Cost":0,
    "Water":44.5,
    "Water Cost":163.76000000000002,
    "Total Cost":6661.28,
    "Total GHG Emission":2707.3
  },
  "1": {
    "Electricity":263682,
    "Electricity Cost":31641.84,
    "Steam":0,
    "Steam Value":0,
    "Natural Gas":1617,
    "Natural Gas Cost":43.659,
    "Water":2232,
    "Water Cost":8213.76,
    "Total Cost":39899.259,
    "Total GHG Emission":13507.5
  },
  "2": {
    "Electricity":521756,
    "Electricity Cost":62610.72,
    "Steam":214000.54,
    "Steam Value":6420.0162,
    "Natural Gas":0,
    "Natural Gas Cost":0,
    "Water":2458,
    "Water Cost":9045.44,
    "Total Cost":78076.1762,
    "Total GHG Emission":73167.91880000001
  },
  "3": {
    "Electricity":57737,
    "Electricity Cost":6928.44,
    "Steam":6359.6,
    "Steam Value":190.788,
    "Natural Gas":0,
    "Natural Gas Cost":0,
    "Water":245,
    "Water Cost":901.6,
    "Total Cost":8020.8279999999995,
    "Total GHG Emission":4285.962
  },
  "4": {
    "Electricity":99896,
    "Electricity Cost":11987.52,
    "Steam":31798,
    "Steam Value":953.9399999999999,
    "Natural Gas":0,
    "Natural Gas Cost":0,
    "Water":557,
    "Water Cost":2049.76,
    "Total Cost":14991.220000000001,
    "Total GHG Emission":11990.36
  },
  "10": {
    "Electricity":262577,
    "Electricity Cost":31509.239999999998,
    "Steam":63596,
    "Steam Value":1907.8799999999999,
    "Natural Gas":31.5,
    "Natural Gas Cost":0.8505,
    "Water":1559,
    "Water Cost":5737.12,
    "Total Cost":39155.0905,
    "Total GHG Emission":27126.27
  },
  "12": {
    "Electricity":249333,
    "Electricity Cost":29919.96,
    "Steam":123058.26000000001,
    "Steam Value":3691.7478,
    "Natural Gas":462,
    "Natural Gas Cost":12.474,
    "Water":1511,
    "Water Cost":5560.4800000000005,
    "Total Cost":39184.6618,
    "Total GHG Emission":39631.8672
  },
  "13": {
    "Electricity":254706,
    "Electricity Cost":30564.719999999998,
    "Steam":12719.2,
    "Steam Value":381.576,
    "Natural Gas":0,
    "Natural Gas Cost":0,
    "Water":388,
    "Water Cost":1427.8400000000001,
    "Total Cost":32374.136,