{
  "5": {
    "Electricity":14362,
    "Electricity Cost":1723.4399999999998,
    "Steam":0,
    "Steam Value":0,
    "Natural Gas":0,
    "Natural Gas Cost":0,
    "Water":7,
    "Water Cost":25.76,
    "Total Cost":1749.1999999999998,
    "Total GHG Emission":718.1
  },
  "6": {
    "Electricity":9417,
    "Electricity Cost":1130.04,
    "Steam":0,
    "Steam Value":0,
    "Natural Gas":0,
    "Natural Gas Cost":0,
    "Water":1,
    "Water Cost":3.68,
    "Total Cost":1133.72,
    "Total GHG Emission":470.85
  },
  "14": {
    "Electricity":23295,
    "Electricity Cost":2795.4,
    "Steam":47061.04,
    "Steam Value":1411.8312,
    "Natural Gas":0,
    "Natural Gas Cost":0,
    "Water":142,
    "Water Cost":522.5600000000001,
    "Total Cost":4729.7912,
    "Total GHG Emission":11518.1788
  },
  "18": {
    "Electricity":151197,
    "Electricity Cost":18143.64,
    "Steam":53738.62,
    "Steam Value":1612.1586,
    "Natural Gas":0,
    "Natural Gas Cost":0,
    "Water":3493,
    "Water Cost":12854.24,
    "Total Cost":32610.038599999996,
    "Total GHG Emission":19382.346400000002
  },
  "26": {
    "Electricity":32823,
    "Electricity Cost":3938.7599999999998,
    "Steam":0,
    "Steam Value":0,
    "Natural Gas":0,
    "Natural Gas Cost":0,
    "Water":260,
    "Water Cost":956.8000000000001,
    "Total Cost":4895.5599999999995,
    "Total GHG Emission":1641.15
  },
  "30": {
    "Electricity":88127,
    "Electricity Cost":10575.24,
    "Steam":0,
    "Steam Value":0,
    "Natural Gas":21021,
    "Natural Gas Cost":567.567,
    "Water":1823,
    "Water Cost":6708.64,
    "Total Cost":17851.447,
    "Total GHG Emission":8610.55
  },
  "34": {
    "Electricity":73554,
    "Electricity Cost":8826.48,
    "Steam":2225.86,
    "Steam Value":66.7758,
    "Natural Gas":273,
    "Natural Gas Cost":7.3709999999999996,
    "Water":241,
    "Water Cost":886.88,
    "Total Cost":9787.506799999997,
    "Total GHG Emission":4221.9892
  },
  "41": {
    "Electricity":47145,
    "Electricity Cost":5657.4,
    "Steam":317.98,
    "Steam Value":9.5394,
    "Natural Gas":892.5,
    "Natural Gas Cost":24.0975,
    "Water":296,
    "Water Cost":1089.28,
    "Total Cost":6780.316899999999,
    "Total GHG Emission":2605.7056000000002
  },
  "44": {
    "Electricity":63726,
    "Electricity Cost":7647.12,
    "Steam":514809.62000000005,
    "Steam Value":15444.288600000002,
    "Natural Gas":84,
    "Natural Gas Cost":2.268,
    "Water":116,
    "Water Cost":426.88,
    "Total Cost":23520.5566,
    "Total GHG Emission":116461.21640000002
  },
  "8": {
    "Electricity":11531,
    "Electricity Cost":1383.72,
    "Steam":0,
    "Steam Value":0,
    "Natural Gas":23341.5,
    "Natural Gas Cost":630.2205,
    "Water":139,
    "Water Cost":511.52000000000004,
    "Total Cost":2525.4605,
    "Total GHG Emission":5244.85
  },
  "9": {
    "Electricity":139765,
    "Electricity Cost":16771.8,
    "Steam":55964.48,
    "Steam Value":1678.9344,
    "Natural Gas":5365.5,
    "Natural Gas Cost":144.8685,
    "Water":1622,
    "Water Cost":5968.96,
    "Total Cost":24564.5629,
    "Total GHG Emission":20373.535600000003
  },
  "35": {
    "Electricity":14931,
    "Electricity Cost":1791.72,
    "Steam":0,
    "Steam Value":0,
    "Natural Gas":115.5,
    "Natural Gas Cost":3.1185,
    "Water":63,
    "Water Cost":231.84,
    "Total Cost":2026.6785,
    "Total GHG Emission":769.6500000000001
  },
  "36": {
    "Electricity":101603,
    "Electricity Cost":12192.359999999999,
    "Steam":15899,
    "Steam Value":476.96999999999997,
    "Natural Gas":315,
    "Natural Gas Cost":8.505,
    "Water":201,
    "Water Cost":739.6800000000001,
    "Total Cost":13417.514999999998,
    "Total GHG Emission":8640.93
  },
  "39": {
    "Electricity":188889,
    "Electricity Cost":22666.68,
    "Steam":0,
    "Steam Value":0,
    "Natural Gas":67221,
    "Natural Gas Cost":1814.9669999999999,
    "Water":827,
    "Water Cost":3043.36,
    "Total Cost":27525.007,
    "Total GHG Emission":22888.65
  },
  "40": {
    "Electricity":25240,
    "Electricity Cost":3028.7999999999997,
    "Steam":0,
    "Steam Value":0,
    "Natural Gas":0,
    "Natural Gas Cost":0,
    "Water":0,
    "Water Cost":0,
    "Total Cost":3028.7999999999997,
    "Total GHG Emission":1262
  },
  "19": {
    "Electricity":123602,
    "Electricity Cost":14832.24,
    "Steam":203825.18000000002,
    "Steam Value":6114.7554,
    "Natural Gas":55429.5,
    "Natural Gas Cost":1496.5964999999999,
    "Water":1125,
    "Water Cost":4140,
    "Total Cost":26583.5919,
    "Total GHG Emission":62107.539600000004
  },
  "20": {
    "Electricity":7633,
    "Electricity Cost":915.9599999999999,
    "Steam":0,
    "Steam Value":0,
    "Natural Gas":0,
    "Natural Gas Cost":0,
    "Water":0,
    "Water Cost":0,
    "Total Cost":915.9599999999999,
    "Total GHG Emission":381.65000000000003
  },
  "28": {
    "Electricity":5691,
    "Electricity Cost":682.92,
    "Steam":0,
    "Steam Value":0,
    "Natural Gas":2835,
    "Natural Gas Cost":76.545,
    "Water":59,
    "Water Cost":217.12,
    "Total Cost":976.5849999999999,
    "Total GHG Emission":851.55
  },
  "29": {
    "Electricity":78503,
    "Electricity Cost":9420.359999999999,
    "Steam":0,
    "Steam Value":0,
    "Natural Gas":0,
    "Natural Gas Cost":0,
    "Water":372,
    "Water Cost":1368.96,
    "Total Cost":10789.32,
    "Total GHG Emission":3925.15
  },
  "33": {
    "Electricity":189814,
    "Electricity Cost":22777.68,
    "Steam":2543.84,
    "Steam Value":76.3152,
    "Natural Gas":0,
    "Natural Gas Cost":0,
    "Water":137,
    "Water Cost":504.16,
    "Total Cost":23358.1552,
    "Total GHG Emission":10050.3448
  },
  "37": {
    "Electricity":64216,
    "Electricity Cost":7705.92,
    "Steam":0,
    "Steam Value":0,
    "Natural Gas":0,
    "Natural Gas Cost":0,
    "Water":92,
    "Water Cost":338.56,
    "Total Cost":8044.4800000000005,
    "Total GHG Emission":3210.8
  },
  "1": {
    "Electricity":279145,
    "Electricity Cost":33497.4,
    "Steam":0,
    "Steam Value":0,
    "Natural Gas":210,
    "Natural Gas Cost":5.67,
    "Water":1736,
    "Water Cost":6388.4800000000005,
    "Total Cost":39891.55,
    "Total GHG Emission":13999.25
  },
  "2": {
    "Electricity":551521,
    "Electricity Cost":66182.52,
    "Steam":187926.18000000002,
    "Steam Value":5637.785400000001,
    "Natural Gas":0,
    "Natural Gas Cost":0,
    "Water":2784,
    "Water Cost":10245.12,
    "Total Cost":82065.42540000001,
    "Total GHG Emission":68919.80960000001
  },
  "3": {
    "Electricity":45808,
    "Electricity Cost":5496.96,
    "Steam":16534.96,
    "Steam Value":496.04879999999997,
    "Natural Gas":0,
    "Natural Gas Cost":0,
    "Water":112,
    "Water Cost":412.16,
    "Total Cost":6405.1687999999995,
    "Total GHG Emission":5928.0912
  },
  "4": {
    "Electricity":91998,
    "Electricity Cost":11039.76,
    "Steam":5087.68,
    "Steam Value":152.6304,
    "Natural Gas":0,
    "Natural Gas Cost":0,
    "Water":104,
    "Water Cost":382.72,
    "Total Cost":11575.1104,
    "Total GHG Emission":5719.189600000001
  },
  "10": {
    "Electricity":259773,
    "Electricity Cost":31172.76,
    "Steam":42609.32,
    "Steam Value":1278.2795999999998,
    "Natural Gas":10.5,
    "Natural Gas Cost":0.2835,
    "Water":2180,
    "Water Cost":8022.400000000001,
    "Total Cost":40473.723099999996,
    "Total GHG Emission":22364.8004
  },
  "12": {
    "Electricity":253365,
    "Electricity Cost":30403.8,
    "Steam":0,
    "Steam Value":0,
    "Natural Gas":420,
    "Natural Gas Cost":11.34,
    "Water":2006,
    "Water Cost":7382.08,
    "Total Cost":37797.219999999994,
    "Total GHG Emission":12752.25
  },
  "13": {
    "Electricity":248179,
    "Electricity Cost":29781.48,
    "Steam":2543.84,
    "Steam Value":76.3152,
    "Natural Gas":0,
    "Natural Gas Cost":0,
    "Water":380,
    "Water Cost":1398.4,
    "Total Cost":31256.195200000002,