{
  "5": {
    "Electricity":20702,
    "Electricity Cost":2484.24,
    "Steam":74725.3,
    "Steam Value":2241.759,
    "Natural Gas":0,
    "Natural Gas Cost":0,
    "Water":651,
    "Water Cost":2395.6800000000003,
    "Total Cost":7121.679,
    "Total GHG Emission":17474.666
  },
  "6": {
    "Electricity":18221,
    "Electricity Cost":2186.52,
    "Steam":42291.340000000004,
    "Steam Value":1268.7402,
    "Natural Gas":0,
    "Natural Gas Cost":0,
    "Water":432,
    "Water Cost":1589.76,
    "Total Cost":5045.0202,
    "Total GHG Emission":10215.1448
  },
  "14": {
    "Electricity":49586,
    "Electricity Cost":5950.32,
    "Steam":127192,
    "Steam Value":3815.7599999999998,
    "Natural Gas":0,
    "Natural Gas Cost":0,
    "Water":2155,
    "Water Cost":7930.400000000001,
    "Total Cost":17696.48,
    "Total GHG Emission":30461.54
  },
  "18": {
    "Electricity":107953,
    "Electricity Cost":12954.359999999999,
    "Steam":178386.78,
    "Steam Value":5351.6034,
    "Natural Gas":0,
    "Natural Gas Cost":0,
    "Water":2916,
    "Water Cost":10730.880000000001,
    "Total Cost":29036.843399999998,
    "Total GHG Emission":44642.7416
  },
  "26": {
    "Electricity":73538,
    "Electricity Cost":8824.56,
    "Steam":95394,
    "Steam Value":2861.8199999999997,
    "Natural Gas":0,
    "Natural Gas Cost":0,
    "Water":2953,
    "Water Cost":10867.04,
    "Total Cost":22553.42,
    "Total GHG Emission":24663.58
  },
  "30": {
    "Electricity":90823,
    "Electricity Cost":10898.76,
    "Steam":0,
    "Steam Value":0,
    "Natural Gas":103824,
    "Natural Gas Cost":2803.248,
    "Water":2546,
    "Water Cost":9369.28,
    "Total Cost":23071.288,
    "Total GHG Emission":25305.950000000004
  },
  "34": {
    "Electricity":90905,
    "Electricity Cost":10908.6,
    "Steam":97937.84000000001,
    "Steam Value":2938.1352,
    "Natural Gas":3328.5,
    "Natural Gas Cost":89.8695,
    "Water":1830,
    "Water Cost":6734.400000000001,
    "Total Cost":20671.0047,
    "Total GHG Emission":26757.274800000003
  },
  "41": {
    "Electricity":50230,
    "Electricity Cost":6027.599999999999,
    "Steam":89352.38,
    "Steam Value":2680.5714000000003,
    "Natural Gas":1491,
    "Natural Gas Cost":40.257,
    "Water":735,
    "Water Cost":2704.8,
    "Total Cost":11453.2284,
    "Total GHG Emission":22467.2236
  },
  "44": {
    "Electricity":74110,
    "Electricity Cost":8893.199999999999,
    "Steam":152630.40000000002,
    "Steam Value":4578.912,
    "Natural Gas":5502,
    "Natural Gas Cost":148.554,
    "Water":1713,
    "Water Cost":6303.84,
    "Total Cost":19924.505999999998,
    "Total GHG Emission":38384.588
  },
  "8": {
    "Electricity":12916,
    "Electricity Cost":1549.9199999999998,
    "Steam":0,
    "Steam Value":0,
    "Natural Gas":52888.5,
    "Natural Gas Cost":1427.9895,
    "Water":164,
    "Water Cost":603.52,
    "Total Cost":3581.4294999999993,
    "Total GHG Emission":11223.5
  },
  "9": {
    "Electricity":107373,
    "Electricity Cost":12884.76,
    "Steam":273144.82,
    "Steam Value":8194.3446,
    "Natural Gas":8935.5,
    "Natural Gas Cost":241.2585,
    "Water":2800,
    "Water Cost":10304,
    "Total Cost":31624.363100000002,
    "Total GHG Emission":67247.6104
  },
  "35": {
    "Electricity":12505,
    "Electricity Cost":1500.6,
    "Steam":0,
    "Steam Value":0,
    "Natural Gas":50778,
    "Natural Gas Cost":1371.006,
    "Water":54,
    "Water Cost":198.72,
    "Total Cost":3070.326,
    "Total GHG Emission":10780.85
  },
  "36": {
    "Electricity":102593,
    "Electricity Cost":12311.16,
    "Steam":127827.96,
    "Steam Value":3834.8388,
    "Natural Gas":3864,
    "Natural Gas Cost":104.328,
    "Water":156,
    "Water Cost":574.08,
    "Total Cost":16824.4068,
    "Total GHG Emission":34024.601200000005
  },
  "39": {
    "Electricity":235931,
    "Electricity Cost":28311.719999999998,
    "Steam":0,
    "Steam Value":0,
    "Natural Gas":158655,
    "Natural Gas Cost":4283.685,
    "Water":1093,
    "Water Cost":4022.2400000000002,
    "Total Cost":36617.645,
    "Total GHG Emission":43527.55
  },
  "40": {
    "Electricity":25052,
    "Electricity Cost":3006.24,
    "Steam":0,
    "Steam Value":0,
    "Natural Gas":66801,
    "Natural Gas Cost":1803.627,
    "Water":0,
    "Water Cost":0,
    "Total Cost":4809.867,
    "Total GHG Emission":14612.800000000001
  },
  "19": {
    "Electricity":152074,
    "Electricity Cost":18248.88,
    "Steam":267421.18,
    "Steam Value":8022.635399999999,
    "Natural Gas":57802.5,
    "Natural Gas Cost":1560.6675,
    "Water":1583,
    "Water Cost":5825.4400000000005,
    "Total Cost":33657.6229,
    "Total GHG Emission":77996.8596
  },
  "20": {
    "Electricity":20593,
    "Electricity Cost":2471.16,
    "Steam":0,
    "Steam Value":0,
    "Natural Gas":0,
    "Natural Gas Cost":0,
    "Water":0,
    "Water Cost":0,
    "Total Cost":2471.16,
    "Total GHG Emission":1029.65
  },
  "28": {
    "Electricity":4749,
    "Electricity Cost":569.88,
    "Steam":0,
    "Steam Value":0,
    "Natural Gas":10836,
    "Natural Gas Cost":292.572,
    "Water":62,
    "Water Cost":228.16,
    "Total Cost":1090.612,
    "Total GHG Emission":2404.65
  },
  "29": {
    "Electricity":97520,
    "Electricity Cost":11702.4,
    "Steam":56600.44,
    "Steam Value":1698.0132,
    "Natural Gas":0,
    "Natural Gas Cost":0,
    "Water":348,
    "Water Cost":1280.64,
    "Total Cost":14681.053199999998,
    "Total GHG Emission":17328.0968
  },
  "33": {
    "Electricity":176533,
    "Electricity Cost":21183.96,
    "Steam":73771.36,
    "Steam Value":2213.1408,
    "Natural Gas":0,
    "Natural Gas Cost":0,
    "Water":138,
    "Water Cost":507.84000000000003,
    "Total Cost":23904.9408,
    "Total GHG Emission":25056.3492
  },
  "37": {
    "Electricity":66778.5,
    "Electricity Cost":8013.42,
    "Steam":41814.37,
    "Steam Value":1254.4311,
    "Natural Gas":0,
    "Natural Gas Cost":0,
    "Water":37.5,
    "Water Cost":138,
    "Total Cost":9405.8511,
    "Total GHG Emission":12538.0864
  },
  "1": {
    "Electricity":190129,
    "Electricity Cost":22815.48,
    "Steam":125284.12000000001,
    "Steam Value":3758.5236,
    "Natural Gas":17986.5,
    "Natural Gas Cost":485.6355,
    "Water":2228,
    "Water Cost":8199.04,
    "Total Cost":35258.679099999994,
    "Total GHG Emission":40666.2564
  },
  "2": {
    "Electricity":204018,
    "Electricity Cost":24482.16,
    "Steam":265195.32,
    "Steam Value":7955.8596,
    "Natural Gas":0,
    "Natural Gas Cost":0,
    "Water":1803,
    "Water Cost":6635.04,
    "Total Cost":39073.0596,
    "Total GHG Emission":68543.8704
  },
  "3": {
    "Electricity":58363,
    "Electricity Cost":7003.5599999999995,
    "Steam":160579.90000000002,
    "Steam Value":4817.397000000001,
    "Natural Gas":0,
    "Natural Gas Cost":0,
    "Water":199,
    "Water Cost":732.32,
    "Total Cost":12553.277,
    "Total GHG Emission":38245.72800000001
  },
  "4": {
    "Electricity":97091,
    "Electricity Cost":11650.92,
    "Steam":110339.06000000001,
    "Steam Value":3310.1718,
    "Natural Gas":0,
    "Natural Gas Cost":0,
    "Water":300,
    "Water Cost":1104,
    "Total Cost":16065.0918,
    "Total GHG Emission":29129.143200000002
  },
  "10": {
    "Electricity":338804,
    "Electricity Cost":40656.479999999996,
    "Steam":321477.78,
    "Steam Value":9644.333400000001,
    "Natural Gas":0,
    "Natural Gas Cost":0,
    "Water":1229,
    "Water Cost":4522.72,
    "Total Cost":54823.5334,
    "Total GHG Emission":87665.3116
  },
  "12": {
    "Electricity":240015,
    "Electricity Cost":28801.8,
    "Steam":528482.76,
    "Steam Value":15854.4828,
    "Natural Gas":220.5,
    "Natural Gas Cost":5.9535,
    "Water":859,
    "Water Cost":3161.1200000000003,
    "Total Cost":47823.3563,
    "Total GHG Emission":128311.05720000001
  },
  "13": {
    "Electricity":242033,
    "Electricity Cost":29043.96,
    "Steam":222268.02000000002,